file_name,source_modality,source_subject,target_modality,target_subject,split,evaluation_scope,shared_group,shared_only,candidate_count,source_checkpoint,target_checkpoint,forward_label,forward_reference_mode,forward_reference_two_way,forward_scope_reference_two_way,forward_full_reference_two_way,forward_top1,forward_top5,forward_two_way,forward_normalized_two_way,forward_normalized_two_way_full,reverse_label,reverse_reference_mode,reverse_reference_two_way,reverse_scope_reference_two_way,reverse_full_reference_two_way,reverse_top1,reverse_top5,reverse_two_way,reverse_normalized_two_way,reverse_normalized_two_way_full
eeg_sub01_to_fmri_sub01_test.txt,eeg,1,fmri,1,test,pair,shared-eeg-fmri,True,200,checkpoints\conversion\shared-eeg-fmri\eeg\eeg_brainalign_sub01_best.pt,checkpoints\conversion\shared-eeg-fmri\fmri\fmri_brainalign_sub01_best.pt,eeg_to_fmri,matched_scope,74.69,74.69,95.76,1.5,5.0,65.85,0.8816441290668094,0.68765664160401,fmri_to_eeg,matched_scope,68.79,68.79,87.77,1.0,4.5,66.77,0.9706352667538884,0.760738293266492
eeg_sub01_to_fmri_sub02_test.txt,eeg,1,fmri,2,test,pair,shared-eeg-fmri,True,200,checkpoints\conversion\shared-eeg-fmri\eeg\eeg_brainalign_sub01_best.pt,checkpoints\conversion\shared-eeg-fmri\fmri\fmri_brainalign_sub02_best.pt,eeg_to_fmri,matched_scope,69.52,69.52,93.55,0.5,5.0,59.85,0.86090333716916,0.6397648316408339,fmri_to_eeg,matched_scope,68.79,68.79,87.77,1.0,5.5,59.12,0.8594272423317342,0.6735786715278569
eeg_sub01_to_fmri_sub03_test.txt,eeg,1,fmri,3,test,pair,shared-eeg-fmri,True,200,checkpoints\conversion\shared-eeg-fmri\eeg\eeg_brainalign_sub01_best.pt,checkpoints\conversion\shared-eeg-fmri\fmri\fmri_brainalign_sub03_best.pt,eeg_to_fmri,matched_scope,69.24,69.24,92.31,1.0,2.5,60.22,0.8697284806470249,0.6523670241577294,fmri_to_eeg,matched_scope,68.79,68.79,87.77,0.5,3.5,59.77,0.8688762901584532,0.6809843910219894
eeg_sub02_to_fmri_sub01_test.txt,eeg,2,fmri,1,test,pair,shared-eeg-fmri,True,200,checkpoints\conversion\shared-eeg-fmri\eeg\eeg_brainalign_sub02_best.pt,checkpoints\conversion\shared-eeg-fmri\fmri\fmri_brainalign_sub01_best.pt,eeg_to_fmri,matched_scope,74.69,74.69,95.76,1.0,3.5,51.51,0.689650555629937,0.537907268170426,fmri_to_eeg,matched_scope,48.1,48.1,90.33,0.5,3.5,51.44,1.0694386694386693,0.5694675080261264
eeg_sub02_to_fmri_sub02_test.txt,eeg,2,fmri,2,test,pair,shared-eeg-fmri,True,200,checkpoints\conversion\shared-eeg-fmri\eeg\eeg_brainalign_sub02_best.pt,checkpoints\conversion\shared-eeg-fmri\fmri\fmri_brainalign_sub02_best.pt,eeg_to_fmri,matched_scope,69.52,69.52,93.55,0.5,3.5,50.5,0.726409666283084,0.5398182789951897,fmri_to_eeg,matched_scope,48.1,48.1,90.33,0.0,1.5,50.65,1.053014553014553,0.5607217978523192
eeg_sub02_to_fmri_sub03_test.txt,eeg,2,fmri,3,test,pair,shared-eeg-fmri,True,200,checkpoints\conversion\shared-eeg-fmri\eeg\eeg_brainalign_sub02_best.pt,checkpoints\conversion\shared-eeg-fmri\fmri\fmri_brainalign_sub03_best.pt,eeg_to_fmri,matched_scope,69.24,69.24,92.31,0.5,2.0,50.82,0.7339688041594454,0.5505362365940851,fmri_to_eeg,matched_scope,48.1,48.1,90.33,0.0,3.5,51.05,1.0613305613305613,0.5651500055352596
eeg_sub03_to_fmri_sub01_test.txt,eeg,3,fmri,1,test,pair,shared-eeg-fmri,True,200,checkpoints\conversion\shared-eeg-fmri\eeg\eeg_brainalign_sub03_best.pt,checkpoints\conversion\shared-eeg-fmri\fmri\fmri_brainalign_sub01_best.pt,eeg_to_fmri,matched_scope,74.69,74.69,95.76,2.0,6.5,62.85,0.8414781095193467,0.656328320802005,fmri_to_eeg,matched_scope,66.49,66.49,90.28,2.5,5.5,62.67,0.9425477515415853,0.6941736818786
eeg_sub03_to_fmri_sub02_test.txt,eeg,3,fmri,2,test,pair,shared-eeg-fmri,True,200,checkpoints\conversion\shared-eeg-fmri\eeg\eeg_brainalign_sub03_best.pt,checkpoints\conversion\shared-eeg-fmri\fmri\fmri_brainalign_sub02_best.pt,eeg_to_fmri,matched_scope,69.52,69.52,93.55,0.5,4.5,59.51,0.8560126582278481,0.6361304115446286,fmri_to_eeg,matched_scope,66.49,66.49,90.28,2.0,6.0,58.69,0.8826891261843887,0.6500886132033673
eeg_sub03_to_fmri_sub03_test.txt,eeg,3,fmri,3,test,pair,shared-eeg-fmri,True,200,checkpoints\conversion\shared-eeg-fmri\eeg\eeg_brainalign_sub03_best.pt,checkpoints\conversion\shared-eeg-fmri\fmri\fmri_brainalign_sub03_best.pt,eeg_to_fmri,matched_scope,69.24,69.24,92.31,1.0,5.0,59.89,0.8649624494511844,0.648792113530495,fmri_to_eeg,matched_scope,66.49,66.49,90.28,1.5,6.5,58.95,0.8865994886449091,0.6529685423128047
eeg_sub04_to_fmri_sub01_test.txt,eeg,4,fmri,1,test,pair,shared-eeg-fmri,True,200,checkpoints\conversion\shared-eeg-fmri\eeg\eeg_brainalign_sub04_best.pt,checkpoints\conversion\shared-eeg-fmri\fmri\fmri_brainalign_sub01_best.pt,eeg_to_fmri,matched_scope,74.69,74.69,95.76,5.0,7.0,64.41,0.8623644396840273,0.6726190476190476,fmri_to_eeg,matched_scope,65.75,65.75,93.15,2.0,9.5,65.25,0.9923954372623575,0.7004830917874396
eeg_sub04_to_fmri_sub02_test.txt,eeg,4,fmri,2,test,pair,shared-eeg-fmri,True,200,checkpoints\conversion\shared-eeg-fmri\eeg\eeg_brainalign_sub04_best.pt,checkpoints\conversion\shared-eeg-fmri\fmri\fmri_brainalign_sub02_best.pt,eeg_to_fmri,matched_scope,69.52,69.52,93.55,2.5,9.0,59.82,0.8604718066743384,0.639444147514698,fmri_to_eeg,matched_scope,65.75,65.75,93.15,1.0,9.0,59.99,0.9123954372623574,0.6440150295222759
eeg_sub04_to_fmri_sub03_test.txt,eeg,4,fmri,3,test,pair,shared-eeg-fmri,True,200,checkpoints\conversion\shared-eeg-fmri\eeg\eeg_brainalign_sub04_best.pt,checkpoints\conversion\shared-eeg-fmri\fmri\fmri_brainalign_sub03_best.pt,eeg_to_fmri,matched_scope,69.24,69.24,92.31,1.5,4.5,59.37,0.8574523396880416,0.6431589210269743,fmri_to_eeg,matched_scope,65.75,65.75,93.15,2.5,7.0,59.48,0.9046387832699619,0.6385399892646269
eeg_sub05_to_fmri_sub01_test.txt,eeg,5,fmri,1,test,pair,shared-eeg-fmri,True,200,checkpoints\conversion\shared-eeg-fmri\eeg\eeg_brainalign_sub05_best.pt,checkpoints\conversion\shared-eeg-fmri\fmri\fmri_brainalign_sub01_best.pt,eeg_to_fmri,matched_scope,74.69,74.69,95.76,1.0,5.0,59.73,0.7997054491899852,0.6237468671679197,fmri_to_eeg,matched_scope,67.49,67.49,86.82,0.5,4.0,60.71,0.8995406726922508,0.699262842662981
eeg_sub05_to_fmri_sub02_test.txt,eeg,5,fmri,2,test,pair,shared-eeg-fmri,True,200,checkpoints\conversion\shared-eeg-fmri\eeg\eeg_brainalign_sub05_best.pt,checkpoints\conversion\shared-eeg-fmri\fmri\fmri_brainalign_sub02_best.pt,eeg_to_fmri,matched_scope,69.52,69.52,93.55,0.5,5.0,63.93,0.9195914844649022,0.6833778727952966,fmri_to_eeg,matched_scope,67.49,67.49,86.82,0.5,5.0,63.52,0.9411764705882354,0.7316286569914767
eeg_sub05_to_fmri_sub03_test.txt,eeg,5,fmri,3,test,pair,shared-eeg-fmri,True,200,checkpoints\conversion\shared-eeg-fmri\eeg\eeg_brainalign_sub05_best.pt,checkpoints\conversion\shared-eeg-fmri\fmri\fmri_brainalign_sub03_best.pt,eeg_to_fmri,matched_scope,69.24,69.24,92.31,1.5,7.5,60.43,0.8727614095898325,0.6546419672841512,fmri_to_eeg,matched_scope,67.49,67.49,86.82,1.5,8.0,59.84,0.8866498740554157,0.6892421101128773
eeg_sub06_to_fmri_sub01_test.txt,eeg,6,fmri,1,test,pair,shared-eeg-fmri,True,200,checkpoints\conversion\shared-eeg-fmri\eeg\eeg_brainalign_sub06_best.pt,checkpoints\conversion\shared-eeg-fmri\fmri\fmri_brainalign_sub01_best.pt,eeg_to_fmri,matched_scope,74.69,74.69,95.76,2.0,5.0,62.62,0.8383987146873745,0.6539264828738512,fmri_to_eeg,matched_scope,70.48,70.48,90.84,0.0,3.5,63.16,0.8961407491486946,0.6952884191985909
eeg_sub06_to_fmri_sub02_test.txt,eeg,6,fmri,2,test,pair,shared-eeg-fmri,True,200,checkpoints\conversion\shared-eeg-fmri\eeg\eeg_brainalign_sub06_best.pt,checkpoints\conversion\shared-eeg-fmri\fmri\fmri_brainalign_sub02_best.pt,eeg_to_fmri,matched_scope,69.52,69.52,93.55,0.5,6.0,61.89,0.8902474108170312,0.6615713522180652,fmri_to_eeg,matched_scope,70.48,70.48,90.84,1.5,6.5,61.69,0.8752837684449488,0.6791061206516953
eeg_sub06_to_fmri_sub03_test.txt,eeg,6,fmri,3,test,pair,shared-eeg-fmri,True,200,checkpoints\conversion\shared-eeg-fmri\eeg\eeg_brainalign_sub06_best.pt,checkpoints\conversion\shared-eeg-fmri\fmri\fmri_brainalign_sub03_best.pt,eeg_to_fmri,matched_scope,69.24,69.24,92.31,0.5,5.0,57.28,0.8272674754477182,0.6205178203878237,fmri_to_eeg,matched_scope,70.48,70.48,90.84,0.5,3.5,57.64,0.8178206583427923,0.6345222369000441
eeg_sub07_to_fmri_sub01_test.txt,eeg,7,fmri,1,test,pair,shared-eeg-fmri,True,200,checkpoints\conversion\shared-eeg-fmri\eeg\eeg_brainalign_sub07_best.pt,checkpoints\conversion\shared-eeg-fmri\fmri\fmri_brainalign_sub01_best.pt,eeg_to_fmri,matched_scope,74.69,74.69,95.76,2.5,10.5,66.23,0.8867318248761549,0.691624895572264,fmri_to_eeg,matched_scope,73.8,73.8,90.89,1.0,6.0,66.74,0.9043360433604336,0.7342942017823743
eeg_sub07_to_fmri_sub02_test.txt,eeg,7,fmri,2,test,pair,shared-eeg-fmri,True,200,checkpoints\conversion\shared-eeg-fmri\eeg\eeg_brainalign_sub07_best.pt,checkpoints\conversion\shared-eeg-fmri\fmri\fmri_brainalign_sub02_best.pt,eeg_to_fmri,matched_scope,69.52,69.52,93.55,1.5,5.5,65.24,0.9384349827387802,0.6973810796365579,fmri_to_eeg,matched_scope,73.8,73.8,90.89,3.0,6.5,64.63,0.8757452574525745,0.7110793266585983
eeg_sub07_to_fmri_sub03_test.txt,eeg,7,fmri,3,test,pair,shared-eeg-fmri,True,200,checkpoints\conversion\shared-eeg-fmri\eeg\eeg_brainalign_sub07_best.pt,checkpoints\conversion\shared-eeg-fmri\fmri\fmri_brainalign_sub03_best.pt,eeg_to_fmri,matched_scope,69.24,69.24,92.31,0.5,6.0,63.8,0.9214326978625073,0.6911493879319683,fmri_to_eeg,matched_scope,73.8,73.8,90.89,1.0,7.5,63.93,0.8662601626016261,0.7033777093189569
eeg_sub08_to_fmri_sub01_test.txt,eeg,8,fmri,1,test,pair,shared-eeg-fmri,True,200,checkpoints\conversion\shared-eeg-fmri\eeg\eeg_brainalign_sub08_best.pt,checkpoints\conversion\shared-eeg-fmri\fmri\fmri_brainalign_sub01_best.pt,eeg_to_fmri,matched_scope,74.69,74.69,95.76,2.5,7.5,68.24,0.9136430579729549,0.7126148705096073,fmri_to_eeg,matched_scope,80.52,80.52,92.29,1.5,6.5,68.46,0.8502235469448584,0.7417921768338931
eeg_sub08_to_fmri_sub02_test.txt,eeg,8,fmri,2,test,pair,shared-eeg-fmri,True,200,checkpoints\conversion\shared-eeg-fmri\eeg\eeg_brainalign_sub08_best.pt,checkpoints\conversion\shared-eeg-fmri\fmri\fmri_brainalign_sub02_best.pt,eeg_to_fmri,matched_scope,69.52,69.52,93.55,4.0,8.0,66.98,0.9634637514384351,0.715980758952432,fmri_to_eeg,matched_scope,80.52,80.52,92.29,3.5,11.5,67.02,0.8323397913561847,0.7261891862606998
eeg_sub08_to_fmri_sub03_test.txt,eeg,8,fmri,3,test,pair,shared-eeg-fmri,True,200,checkpoints\conversion\shared-eeg-fmri\eeg\eeg_brainalign_sub08_best.pt,checkpoints\conversion\shared-eeg-fmri\fmri\fmri_brainalign_sub03_best.pt,eeg_to_fmri,matched_scope,69.24,69.24,92.31,2.0,5.0,62.99,0.9097342576545351,0.6823746073014841,fmri_to_eeg,matched_scope,80.52,80.52,92.29,1.0,6.5,63.43,0.7877545951316444,0.6872900639289197
eeg_sub09_to_fmri_sub01_test.txt,eeg,9,fmri,1,test,pair,shared-eeg-fmri,True,200,checkpoints\conversion\shared-eeg-fmri\eeg\eeg_brainalign_sub09_best.pt,checkpoints\conversion\shared-eeg-fmri\fmri\fmri_brainalign_sub01_best.pt,eeg_to_fmri,matched_scope,74.69,74.69,95.76,1.0,6.5,61.81,0.8275538894095595,0.64546783625731,fmri_to_eeg,matched_scope,64.56,64.56,89.34,1.0,5.0,61.62,0.9544609665427508,0.689724647414372
eeg_sub09_to_fmri_sub02_test.txt,eeg,9,fmri,2,test,pair,shared-eeg-fmri,True,200,checkpoints\conversion\shared-eeg-fmri\eeg\eeg_brainalign_sub09_best.pt,checkpoints\conversion\shared-eeg-fmri\fmri\fmri_brainalign_sub02_best.pt,eeg_to_fmri,matched_scope,69.52,69.52,93.55,0.5,5.0,62.82,0.9036248561565018,0.6715125601282737,fmri_to_eeg,matched_scope,64.56,64.56,89.34,0.5,2.0,60.64,0.9392812887236679,0.6787553167674054
eeg_sub09_to_fmri_sub03_test.txt,eeg,9,fmri,3,test,pair,shared-eeg-fmri,True,200,checkpoints\conversion\shared-eeg-fmri\eeg\eeg_brainalign_sub09_best.pt,checkpoints\conversion\shared-eeg-fmri\fmri\fmri_brainalign_sub03_best.pt,eeg_to_fmri,matched_scope,69.24,69.24,92.31,1.0,5.0,57.26,0.8269786250722126,0.6203011591376882,fmri_to_eeg,matched_scope,64.56,64.56,89.34,1.0,2.5,55.72,0.8630731102850061,0.6236847996418178
eeg_sub10_to_fmri_sub01_test.txt,eeg,10,fmri,1,test,pair,shared-eeg-fmri,True,200,checkpoints\conversion\shared-eeg-fmri\eeg\eeg_brainalign_sub10_best.pt,checkpoints\conversion\shared-eeg-fmri\fmri\fmri_brainalign_sub01_best.pt,eeg_to_fmri,matched_scope,74.69,74.69,95.76,2.5,8.5,68.07,0.9113669835319319,0.7108395989974936,fmri_to_eeg,matched_scope,83.84,83.84,93.98,2.0,7.5,68.67,0.8190601145038168,0.7306873802936795
eeg_sub10_to_fmri_sub02_test.txt,eeg,10,fmri,2,test,pair,shared-eeg-fmri,True,200,checkpoints\conversion\shared-eeg-fmri\eeg\eeg_brainalign_sub10_best.pt,checkpoints\conversion\shared-eeg-fmri\fmri\fmri_brainalign_sub02_best.pt,eeg_to_fmri,matched_scope,69.52,69.52,93.55,3.0,9.0,69.32,0.9971231300345224,0.7409941207910208,fmri_to_eeg,matched_scope,83.84,83.84,93.98,0.5,10.5,68.78,0.8203721374045801,0.7318578420940626
eeg_sub10_to_fmri_sub03_test.txt,eeg,10,fmri,3,test,pair,shared-eeg-fmri,True,200,checkpoints\conversion\shared-eeg-fmri\eeg\eeg_brainalign_sub10_best.pt,checkpoints\conversion\shared-eeg-fmri\fmri\fmri_brainalign_sub03_best.pt,eeg_to_fmri,matched_scope,69.24,69.24,92.31,1.0,10.0,67.44,0.9740034662045061,0.7305817354566135,fmri_to_eeg,matched_scope,83.84,83.84,93.98,3.0,10.5,67.46,0.8046278625954197,0.7178123004894658
eeg_sub01_to_meg_sub01_test.txt,eeg,1,meg,1,test,pair,shared-eeg-meg,True,200,checkpoints\conversion\shared-eeg-meg\eeg\eeg_brainalign_sub01_best.pt,checkpoints\conversion\shared-eeg-meg\meg\meg_brainalign_sub01_temporalcnn_best.pt,eeg_to_meg,matched_scope,70.62,70.62,77.84,2.5,9.0,66.24,0.9379779099405267,0.8509763617677286,meg_to_eeg,matched_scope,87.55,87.55,87.77,3.0,9.0,67.5,0.7709880068532268,0.769055485929133
eeg_sub01_to_meg_sub02_test.txt,eeg,1,meg,2,test,pair,shared-eeg-meg,True,200,checkpoints\conversion\shared-eeg-meg\eeg\eeg_brainalign_sub01_best.pt,checkpoints\conversion\shared-eeg-meg\meg\meg_brainalign_sub02_temporalcnn_best.pt,eeg_to_meg,matched_scope,88.35,88.35,88.63,4.0,16.0,79.48,0.8996038483305038,0.896761818797247,meg_to_eeg,matched_scope,87.55,87.55,87.77,5.0,17.0,79.92,0.9128498001142205,0.9105616953400935
eeg_sub01_to_meg_sub03_test.txt,eeg,1,meg,3,test,pair,shared-eeg-meg,True,200,checkpoints\conversion\shared-eeg-meg\eeg\eeg_brainalign_sub01_best.pt,checkpoints\conversion\shared-eeg-meg\meg\meg_brainalign_sub03_temporalcnn_best.pt,eeg_to_meg,matched_scope,83.29,83.29,87.74,5.5,16.5,79.02,0.9487333413374954,0.9006154547526783,meg_to_eeg,matched_scope,87.55,87.55,87.77,4.5,15.5,79.29,0.9056539120502571,0.9033838441380883
eeg_sub01_to_meg_sub04_test.txt,eeg,1,meg,4,test,pair,shared-eeg-meg,True,200,checkpoints\conversion\shared-eeg-meg\eeg\eeg_brainalign_sub01_best.pt,checkpoints\conversion\shared-eeg-meg\meg\meg_brainalign_sub04_temporalcnn_best.pt,eeg_to_meg,matched_scope,73.55,73.55,77.6,1.5,9.5,71.67,0.97443915703603,0.9235824742268042,meg_to_eeg,matched_scope,87.55,87.55,87.77,1.5,9.0,71.46,0.8162193032552827,0.8141734077703088
eeg_sub02_to_meg_sub01_test.txt,eeg,2,meg,1,test,pair,shared-eeg-meg,True,200,checkpoints\conversion\shared-eeg-meg\eeg\eeg_brainalign_sub02_best.pt,checkpoints\conversion\shared-eeg-meg\meg\meg_brainalign_sub01_temporalcnn_best.pt,eeg_to_meg,matched_scope,70.62,70.62,77.84,1.0,7.5,64.84,0.9181534975927499,0.8329907502569374,meg_to_eeg,matched_scope,85.54,85.54,90.33,0.0,4.0,65.67,0.7677110123918635,0.7270009963467287
eeg_sub02_to_meg_sub02_test.txt,eeg,2,meg,2,test,pair,shared-eeg-meg,True,200,checkpoints\conversion\shared-eeg-meg\eeg\eeg_brainalign_sub02_best.pt,checkpoints\conversion\shared-eeg-meg\meg\meg_brainalign_sub02_temporalcnn_best.pt,eeg_to_meg,matched_scope,88.35,88.35,88.63,2.0,12.5,78.47,0.8881720430107527,0.8853661288502764,meg_to_eeg,matched_scope,85.54,85.54,90.33,4.5,17.5,78.5,0.917699321954641,0.8690357577770398
eeg_sub02_to_meg_sub03_test.txt,eeg,2,meg,3,test,pair,shared-eeg-meg,True,200,checkpoints\conversion\shared-eeg-meg\eeg\eeg_brainalign_sub02_best.pt,checkpoints\conversion\shared-eeg-meg\meg\meg_brainalign_sub03_temporalcnn_best.pt,eeg_to_meg,matched_scope,83.29,83.29,87.74,3.5,13.5,75.9,0.9112738624084524,0.8650558468201506,meg_to_eeg,matched_scope,85.54,85.54,90.33,1.0,12.0,76.06,0.8891746551321019,0.8420236909111037
eeg_sub02_to_meg_sub04_test.txt,eeg,2,meg,4,test,pair,shared-eeg-meg,True,200,checkpoints\conversion\shared-eeg-meg\eeg\eeg_brainalign_sub02_best.pt,checkpoints\conversion\shared-eeg-meg\meg\meg_brainalign_sub04_temporalcnn_best.pt,eeg_to_meg,matched_scope,73.55,73.55,77.6,2.0,7.5,68.58,0.9324269204622706,0.8837628865979382,meg_to_eeg,matched_scope,85.54,85.54,90.33,3.0,12.0,69.63,0.8140051437923778,0.7708402524078379
eeg_sub03_to_meg_sub01_test.txt,eeg,3,meg,1,test,pair,shared-eeg-meg,True,200,checkpoints\conversion\shared-eeg-meg\eeg\eeg_brainalign_sub03_best.pt,checkpoints\conversion\shared-eeg-meg\meg\meg_brainalign_sub01_temporalcnn_best.pt,eeg_to_meg,matched_scope,70.62,70.62,77.84,2.0,11.5,63.58,0.9003115264797507,0.816803699897225,meg_to_eeg,matched_scope,86.87,86.87,90.28,2.5,7.5,64.0,0.7367330493841372,0.7089056269384139
eeg_sub03_to_meg_sub02_test.txt,eeg,3,meg,2,test,pair,shared-eeg-meg,True,200,checkpoints\conversion\shared-eeg-meg\eeg\eeg_brainalign_sub03_best.pt,checkpoints\conversion\shared-eeg-meg\meg\meg_brainalign_sub02_temporalcnn_best.pt,eeg_to_meg,matched_scope,88.35,88.35,88.63,4.0,17.5,78.86,0.8925863044708546,0.8897664447703938,meg_to_eeg,matched_scope,86.87,86.87,90.28,4.5,18.5,79.86,0.9193047081846437,0.8845813026140895
eeg_sub03_to_meg_sub03_test.txt,eeg,3,meg,3,test,pair,shared-eeg-meg,True,200,checkpoints\conversion\shared-eeg-meg\eeg\eeg_brainalign_sub03_best.pt,checkpoints\conversion\shared-eeg-meg\meg\meg_brainalign_sub03_temporalcnn_best.pt,eeg_to_meg,matched_scope,83.29,83.29,87.74,3.0,14.0,75.38,0.9050306159202784,0.8591292454980625,meg_to_eeg,matched_scope,86.87,86.87,90.28,2.0,15.5,74.8,0.8610567514677103,0.8285334514842712
eeg_sub03_to_meg_sub04_test.txt,eeg,3,meg,4,test,pair,shared-eeg-meg,True,200,checkpoints\conversion\shared-eeg-meg\eeg\eeg_brainalign_sub03_best.pt,checkpoints\conversion\shared-eeg-meg\meg\meg_brainalign_sub04_temporalcnn_best.pt,eeg_to_meg,matched_scope,73.55,73.55,77.6,1.5,10.5,68.33,0.9290278721957852,0.8805412371134022,meg_to_eeg,matched_scope,86.87,86.87,90.28,1.5,10.0,70.57,0.8123633014849775,0.7816792202038103
eeg_sub04_to_meg_sub01_test.txt,eeg,4,meg,1,test,pair,shared-eeg-meg,True,200,checkpoints\conversion\shared-eeg-meg\eeg\eeg_brainalign_sub04_best.pt,checkpoints\conversion\shared-eeg-meg\meg\meg_brainalign_sub01_temporalcnn_best.pt,eeg_to_meg,matched_scope,70.62,70.62,77.84,1.5,9.5,66.61,0.9432172189181535,0.8557297019527235,meg_to_eeg,matched_scope,88.12,88.12,93.15,1.5,5.5,67.49,0.7658874262369495,0.724530327428878
eeg_sub04_to_meg_sub02_test.txt,eeg,4,meg,2,test,pair,shared-eeg-meg,True,200,checkpoints\conversion\shared-eeg-meg\eeg\eeg_brainalign_sub04_best.pt,checkpoints\conversion\shared-eeg-meg\meg\meg_brainalign_sub02_temporalcnn_best.pt,eeg_to_meg,matched_scope,88.35,88.35,88.63,4.5,17.0,78.84,0.8923599320882853,0.8895407875437211,meg_to_eeg,matched_scope,88.12,88.12,93.15,3.5,18.0,79.34,0.9003631411711303,0.8517444981213097
eeg_sub04_to_meg_sub03_test.txt,eeg,4,meg,3,test,pair,shared-eeg-meg,True,200,checkpoints\conversion\shared-eeg-meg\eeg\eeg_brainalign_sub04_best.pt,checkpoints\conversion\shared-eeg-meg\meg\meg_brainalign_sub03_temporalcnn_best.pt,eeg_to_meg,matched_scope,83.29,83.29,87.74,4.0,14.5,76.23,0.9152359226797935,0.8688169591976295,meg_to_eeg,matched_scope,88.12,88.12,93.15,3.0,11.0,75.33,0.8548570131638674,0.8086956521739129
eeg_sub04_to_meg_sub04_test.txt,eeg,4,meg,4,test,pair,shared-eeg-meg,True,200,checkpoints\conversion\shared-eeg-meg\eeg\eeg_brainalign_sub04_best.pt,checkpoints\conversion\shared-eeg-meg\meg\meg_brainalign_sub04_temporalcnn_best.pt,eeg_to_meg,matched_scope,73.55,73.55,77.6,3.5,12.5,71.23,0.9684568320870157,0.9179123711340207,meg_to_eeg,matched_scope,88.12,88.12,93.15,3.0,12.5,72.32,0.8206990467544256,0.7763821792807298
eeg_sub05_to_meg_sub01_test.txt,eeg,5,meg,1,test,pair,shared-eeg-meg,True,200,checkpoints\conversion\shared-eeg-meg\eeg\eeg_brainalign_sub05_best.pt,checkpoints\conversion\shared-eeg-meg\meg\meg_brainalign_sub01_temporalcnn_best.pt,eeg_to_meg,matched_scope,70.62,70.62,77.84,1.0,6.0,63.78,0.903143585386576,0.8193730729701952,meg_to_eeg,matched_scope,81.53,81.53,86.82,1.5,6.5,63.0,0.7727216975346498,0.7256392536281964
eeg_sub05_to_meg_sub02_test.txt,eeg,5,meg,2,test,pair,shared-eeg-meg,True,200,checkpoints\conversion\shared-eeg-meg\eeg\eeg_brainalign_sub05_best.pt,checkpoints\conversion\shared-eeg-meg\meg\meg_brainalign_sub02_temporalcnn_best.pt,eeg_to_meg,matched_scope,88.35,88.35,88.63,3.0,13.5,77.91,0.8818336162988115,0.8790477265034413,meg_to_eeg,matched_scope,81.53,81.53,86.82,5.0,14.5,76.62,0.939776769287379,0.8825155494125778
eeg_sub05_to_meg_sub03_test.txt,eeg,5,meg,3,test,pair,shared-eeg-meg,True,200,checkpoints\conversion\shared-eeg-meg\eeg\eeg_brainalign_sub05_best.pt,checkpoints\conversion\shared-eeg-meg\meg\meg_brainalign_sub03_temporalcnn_best.pt,eeg_to_meg,matched_scope,83.29,83.29,87.74,0.5,12.0,73.77,0.8857005642934325,0.8407795760200593,meg_to_eeg,matched_scope,81.53,81.53,86.82,2.5,8.5,74.24,0.9105850607138476,0.8551025109421793
eeg_sub05_to_meg_sub04_test.txt,eeg,5,meg,4,test,pair,shared-eeg-meg,True,200,checkpoints\conversion\shared-eeg-meg\eeg\eeg_brainalign_sub05_best.pt,checkpoints\conversion\shared-eeg-meg\meg\meg_brainalign_sub04_temporalcnn_best.pt,eeg_to_meg,matched_scope,73.55,73.55,77.6,1.5,7.0,67.31,0.9151597552685249,0.867396907216495,meg_to_eeg,matched_scope,81.53,81.53,86.82,1.5,8.5,67.84,0.8320863485833436,0.7813867772402673
eeg_sub06_to_meg_sub01_test.txt,eeg,6,meg,1,test,pair,shared-eeg-meg,True,200,checkpoints\conversion\shared-eeg-meg\eeg\eeg_brainalign_sub06_best.pt,checkpoints\conversion\shared-eeg-meg\meg\meg_brainalign_sub01_temporalcnn_best.pt,eeg_to_meg,matched_scope,70.62,70.62,77.84,0.5,8.0,61.96,0.8773718493344661,0.7959917780061665,meg_to_eeg,matched_scope,86.84,86.84,90.84,1.0,9.0,62.45,0.7191386457853524,0.6874724790841039
eeg_sub06_to_meg_sub02_test.txt,eeg,6,meg,2,test,pair,shared-eeg-meg,True,200,checkpoints\conversion\shared-eeg-meg\eeg\eeg_brainalign_sub06_best.pt,checkpoints\conversion\shared-eeg-meg\meg\meg_brainalign_sub02_temporalcnn_best.pt,eeg_to_meg,matched_scope,88.35,88.35,88.63,2.0,17.0,79.87,0.9040181097906057,0.9011621347173644,meg_to_eeg,matched_scope,86.84,86.84,90.84,5.0,18.0,80.91,0.9317134960847535,0.8906869220607662
eeg_sub06_to_meg_sub03_test.txt,eeg,6,meg,3,test,pair,shared-eeg-meg,True,200,checkpoints\conversion\shared-eeg-meg\eeg\eeg_brainalign_sub06_best.pt,checkpoints\conversion\shared-eeg-meg\meg\meg_brainalign_sub03_temporalcnn_best.pt,eeg_to_meg,matched_scope,83.29,83.29,87.74,3.0,14.5,76.66,0.9203986072757833,0.8737178025985868,meg_to_eeg,matched_scope,86.84,86.84,90.84,4.0,14.5,77.16,0.888530631045601,0.8494055482166446
eeg_sub06_to_meg_sub04_test.txt,eeg,6,meg,4,test,pair,shared-eeg-meg,True,200,checkpoints\conversion\shared-eeg-meg\eeg\eeg_brainalign_sub06_best.pt,checkpoints\conversion\shared-eeg-meg\meg\meg_brainalign_sub04_temporalcnn_best.pt,eeg_to_meg,matched_scope,73.55,73.55,77.6,2.0,7.5,68.69,0.9339225016995242,0.8851804123711341,meg_to_eeg,matched_scope,86.84,86.84,90.84,2.5,10.5,69.92,0.8051589129433441,0.769704975781594
eeg_sub07_to_meg_sub01_test.txt,eeg,7,meg,1,test,pair,shared-eeg-meg,True,200,checkpoints\conversion\shared-eeg-meg\eeg\eeg_brainalign_sub07_best.pt,checkpoints\conversion\shared-eeg-meg\meg\meg_brainalign_sub01_temporalcnn_best.pt,eeg_to_meg,matched_scope,70.62,70.62,77.84,3.5,8.5,67.44,0.9549702633814783,0.8663926002055498,meg_to_eeg,matched_scope,87.03,87.03,90.89,1.5,4.5,68.47,0.7867402045271745,0.7533281989217736
eeg_sub07_to_meg_sub02_test.txt,eeg,7,meg,2,test,pair,shared-eeg-meg,True,200,checkpoints\conversion\shared-eeg-meg\eeg\eeg_brainalign_sub07_best.pt,checkpoints\conversion\shared-eeg-meg\meg\meg_brainalign_sub02_temporalcnn_best.pt,eeg_to_meg,matched_scope,88.35,88.35,88.63,4.5,20.0,79.83,0.9035653650254669,0.9007108202640189,meg_to_eeg,matched_scope,87.03,87.03,90.89,5.0,22.0,80.54,0.9254280133287373,0.8861260864781605
eeg_sub07_to_meg_sub03_test.txt,eeg,7,meg,3,test,pair,shared-eeg-meg,True,200,checkpoints\conversion\shared-eeg-meg\eeg\eeg_brainalign_sub07_best.pt,checkpoints\conversion\shared-eeg-meg\meg\meg_brainalign_sub03_temporalcnn_best.pt,eeg_to_meg,matched_scope,83.29,83.29,87.74,5.5,14.5,79.14,0.950174090527074,0.9019831319808526,meg_to_eeg,matched_scope,87.03,87.03,90.89,3.0,15.0,80.01,0.9193381592554292,0.8802948619210035
eeg_sub07_to_meg_sub04_test.txt,eeg,7,meg,4,test,pair,shared-eeg-meg,True,200,checkpoints\conversion\shared-eeg-meg\eeg\eeg_brainalign_sub07_best.pt,checkpoints\conversion\shared-eeg-meg\meg\meg_brainalign_sub04_temporalcnn_best.pt,eeg_to_meg,matched_scope,73.55,73.55,77.6,2.0,10.5,70.64,0.9604350781781101,0.9103092783505156,meg_to_eeg,matched_scope,87.03,87.03,90.89,2.5,9.0,71.05,0.81638515454441,0.7817141599735944
eeg_sub08_to_meg_sub01_test.txt,eeg,8,meg,1,test,pair,shared-eeg-meg,True,200,checkpoints\conversion\shared-eeg-meg\eeg\eeg_brainalign_sub08_best.pt,checkpoints\conversion\shared-eeg-meg\meg\meg_brainalign_sub01_temporalcnn_best.pt,eeg_to_meg,matched_scope,70.62,70.62,77.84,4.0,11.5,65.98,0.9342962333616539,0.8476361767728674,meg_to_eeg,matched_scope,91.43,91.43,92.29,3.0,11.0,66.68,0.7293011046702396,0.7225051468198072
eeg_sub08_to_meg_sub02_test.txt,eeg,8,meg,2,test,pair,shared-eeg-meg,True,200,checkpoints\conversion\shared-eeg-meg\eeg\eeg_brainalign_sub08_best.pt,checkpoints\conversion\shared-eeg-meg\meg\meg_brainalign_sub02_temporalcnn_best.pt,eeg_to_meg,matched_scope,88.35,88.35,88.63,6.0,26.0,83.12,0.9408036219581212,0.9378314340516756,meg_to_eeg,matched_scope,91.43,91.43,92.29,6.5,22.5,83.02,0.9080170622334025,0.8995557481850687
eeg_sub08_to_meg_sub03_test.txt,eeg,8,meg,3,test,pair,shared-eeg-meg,True,200,checkpoints\conversion\shared-eeg-meg\eeg\eeg_brainalign_sub08_best.pt,checkpoints\conversion\shared-eeg-meg\meg\meg_brainalign_sub03_temporalcnn_best.pt,eeg_to_meg,matched_scope,83.29,83.29,87.74,6.0,17.5,80.01,0.9606195221515188,0.9118987918851152,meg_to_eeg,matched_scope,91.43,91.43,92.29,3.5,16.5,79.72,0.8719238761894345,0.8637988947881676
eeg_sub08_to_meg_sub04_test.txt,eeg,8,meg,4,test,pair,shared-eeg-meg,True,200,checkpoints\conversion\shared-eeg-meg\eeg\eeg_brainalign_sub08_best.pt,checkpoints\conversion\shared-eeg-meg\meg\meg_brainalign_sub04_temporalcnn_best.pt,eeg_to_meg,matched_scope,73.55,73.55,77.6,2.0,10.5,70.58,0.9596193065941536,0.9095360824742269,meg_to_eeg,matched_scope,91.43,91.43,92.29,0.5,6.5,72.09,0.7884720551241386,0.7811247155704844
eeg_sub09_to_meg_sub01_test.txt,eeg,9,meg,1,test,pair,shared-eeg-meg,True,200,checkpoints\conversion\shared-eeg-meg\eeg\eeg_brainalign_sub09_best.pt,checkpoints\conversion\shared-eeg-meg\meg\meg_brainalign_sub01_temporalcnn_best.pt,eeg_to_meg,matched_scope,70.62,70.62,77.84,3.0,10.0,64.57,0.9143302180685356,0.8295220966084275,meg_to_eeg,matched_scope,86.07,86.07,89.34,3.0,9.0,65.49,0.7608922969675845,0.7330423102753525
eeg_sub09_to_meg_sub02_test.txt,eeg,9,meg,2,test,pair,shared-eeg-meg,True,200,checkpoints\conversion\shared-eeg-meg\eeg\eeg_brainalign_sub09_best.pt,checkpoints\conversion\shared-eeg-meg\meg\meg_brainalign_sub02_temporalcnn_best.pt,eeg_to_meg,matched_scope,88.35,88.35,88.63,2.0,12.0,76.91,0.8705149971703452,0.8677648651698071,meg_to_eeg,matched_scope,86.07,86.07,89.34,4.0,19.5,78.04,0.9067038457069828,0.873516901723752
eeg_sub09_to_meg_sub03_test.txt,eeg,9,meg,3,test,pair,shared-eeg-meg,True,200,checkpoints\conversion\shared-eeg-meg\eeg\eeg_brainalign_sub09_best.pt,checkpoints\conversion\shared-eeg-meg\meg\meg_brainalign_sub03_temporalcnn_best.pt,eeg_to_meg,matched_scope,83.29,83.29,87.74,4.0,10.0,73.08,0.8774162564533556,0.832915431958058,meg_to_eeg,matched_scope,86.07,86.07,89.34,3.0,11.0,72.73,0.845009875682584,0.8140810387284532
eeg_sub09_to_meg_sub04_test.txt,eeg,9,meg,4,test,pair,shared-eeg-meg,True,200,checkpoints\conversion\shared-eeg-meg\eeg\eeg_brainalign_sub09_best.pt,checkpoints\conversion\shared-eeg-meg\meg\meg_brainalign_sub04_temporalcnn_best.pt,eeg_to_meg,matched_scope,73.55,73.55,77.6,1.5,7.5,67.74,0.9210061182868796,0.8729381443298969,meg_to_eeg,matched_scope,86.07,86.07,89.34,3.5,9.5,69.12,0.8030672708260719,0.7736736064472801
eeg_sub10_to_meg_sub01_test.txt,eeg,10,meg,1,test,pair,shared-eeg-meg,True,200,checkpoints\conversion\shared-eeg-meg\eeg\eeg_brainalign_sub10_best.pt,checkpoints\conversion\shared-eeg-meg\meg\meg_brainalign_sub01_temporalcnn_best.pt,eeg_to_meg,matched_scope,70.62,70.62,77.84,2.5,15.0,69.8,0.9883885584820163,0.8967112024665981,meg_to_eeg,matched_scope,90.81,90.81,93.98,3.0,11.5,70.4,0.7752450170686048,0.7490955522451586
eeg_sub10_to_meg_sub02_test.txt,eeg,10,meg,2,test,pair,shared-eeg-meg,True,200,checkpoints\conversion\shared-eeg-meg\eeg\eeg_brainalign_sub10_best.pt,checkpoints\conversion\shared-eeg-meg\meg\meg_brainalign_sub02_temporalcnn_best.pt,eeg_to_meg,matched_scope,88.35,88.35,88.63,4.5,21.5,81.57,0.9232597623089983,0.9203429989845424,meg_to_eeg,matched_scope,90.81,90.81,93.98,9.0,23.5,81.72,0.8999008919722498,0.8695467120663971
eeg_sub10_to_meg_sub03_test.txt,eeg,10,meg,3,test,pair,shared-eeg-meg,True,200,checkpoints\conversion\shared-eeg-meg\eeg\eeg_brainalign_sub10_best.pt,checkpoints\conversion\shared-eeg-meg\meg\meg_brainalign_sub03_temporalcnn_best.pt,eeg_to_meg,matched_scope,83.29,83.29,87.74,5.0,17.5,80.88,0.9710649537759634,0.9218144517893777,meg_to_eeg,matched_scope,90.81,90.81,93.98,6.0,16.0,80.71,0.8887787688580552,0.8587997446265162
eeg_sub10_to_meg_sub04_test.txt,eeg,10,meg,4,test,pair,shared-eeg-meg,True,200,checkpoints\conversion\shared-eeg-meg\eeg\eeg_brainalign_sub10_best.pt,checkpoints\conversion\shared-eeg-meg\meg\meg_brainalign_sub04_temporalcnn_best.pt,eeg_to_meg,matched_scope,73.55,73.55,77.6,1.5,12.0,71.17,0.9676410605030592,0.917139175257732,meg_to_eeg,matched_scope,90.81,90.81,93.98,3.5,12.5,72.73,0.8009029842528356,0.773888061289636
meg_sub01_to_fmri_sub01_test.txt,meg,1,fmri,1,test,pair,shared-fmri-meg,True,200,checkpoints\conversion\shared-fmri-meg\meg\meg_brainalign_sub01_temporalcnn_best.pt,checkpoints\conversion\shared-fmri-meg\fmri\fmri_brainalign_sub01_best.pt,meg_to_fmri,matched_scope,78.41,78.41,95.76,0.5,5.5,58.02,0.7399566381839052,0.6058897243107769,fmri_to_meg,matched_scope,62.41,62.41,77.84,1.5,8.0,58.21,0.9327030924531325,0.7478160328879753
meg_sub01_to_fmri_sub02_test.txt,meg,1,fmri,2,test,pair,shared-fmri-meg,True,200,checkpoints\conversion\shared-fmri-meg\meg\meg_brainalign_sub01_temporalcnn_best.pt,checkpoints\conversion\shared-fmri-meg\fmri\fmri_brainalign_sub02_best.pt,meg_to_fmri,matched_scope,73.35,73.35,93.55,0.5,3.5,56.02,0.7637355146557602,0.5988241582041689,fmri_to_meg,matched_scope,62.41,62.41,77.84,0.5,3.5,56.38,0.9033808684505689,0.7243062692702981
meg_sub01_to_fmri_sub03_test.txt,meg,1,fmri,3,test,pair,shared-fmri-meg,True,200,checkpoints\conversion\shared-fmri-meg\meg\meg_brainalign_sub01_temporalcnn_best.pt,checkpoints\conversion\shared-fmri-meg\fmri\fmri_brainalign_sub03_best.pt,meg_to_fmri,matched_scope,71.7,71.7,92.31,0.0,3.0,54.15,0.7552301255230125,0.5866103347416314,fmri_to_meg,matched_scope,62.41,62.41,77.84,0.5,4.0,54.58,0.8745393366447685,0.7011819116135662
meg_sub02_to_fmri_sub01_test.txt,meg,2,fmri,1,test,pair,shared-fmri-meg,True,200,checkpoints\conversion\shared-fmri-meg\meg\meg_brainalign_sub02_temporalcnn_best.pt,checkpoints\conversion\shared-fmri-meg\fmri\fmri_brainalign_sub01_best.pt,meg_to_fmri,matched_scope,78.41,78.41,95.76,2.0,8.5,69.55,0.8870042086468563,0.7262949039264828,fmri_to_meg,matched_scope,76.65,76.65,88.63,2.5,14.0,70.26,0.9166340508806262,0.7927338373011397
meg_sub02_to_fmri_sub02_test.txt,meg,2,fmri,2,test,pair,shared-fmri-meg,True,200,checkpoints\conversion\shared-fmri-meg\meg\meg_brainalign_sub02_temporalcnn_best.pt,checkpoints\conversion\shared-fmri-meg\fmri\fmri_brainalign_sub02_best.pt,meg_to_fmri,matched_scope,73.35,73.35,93.55,2.5,10.0,66.91,0.9122017723244717,0.7152324959914484,fmri_to_meg,matched_scope,76.65,76.65,88.63,2.0,9.0,68.23,0.8901500326157861,0.7698296287938622
meg_sub02_to_fmri_sub03_test.txt,meg,2,fmri,3,test,pair,shared-fmri-meg,True,200,checkpoints\conversion\shared-fmri-meg\meg\meg_brainalign_sub02_temporalcnn_best.pt,checkpoints\conversion\shared-fmri-meg\fmri\fmri_brainalign_sub03_best.pt,meg_to_fmri,matched_scope,71.7,71.7,92.31,2.0,7.5,64.7,0.902370990237099,0.700899144188062,fmri_to_meg,matched_scope,76.65,76.65,88.63,2.5,8.5,64.38,0.8399217221135028,0.7263906126593704
meg_sub03_to_fmri_sub01_test.txt,meg,3,fmri,1,test,pair,shared-fmri-meg,True,200,checkpoints\conversion\shared-fmri-meg\meg\meg_brainalign_sub03_temporalcnn_best.pt,checkpoints\conversion\shared-fmri-meg\fmri\fmri_brainalign_sub01_best.pt,meg_to_fmri,matched_scope,78.41,78.41,95.76,0.5,5.0,61.29,0.7816605024869278,0.6400375939849624,fmri_to_meg,matched_scope,68.46,68.46,87.74,0.0,5.5,61.62,0.9000876424189308,0.7023022566674265
meg_sub03_to_fmri_sub02_test.txt,meg,3,fmri,2,test,pair,shared-fmri-meg,True,200,checkpoints\conversion\shared-fmri-meg\meg\meg_brainalign_sub03_temporalcnn_best.pt,checkpoints\conversion\shared-fmri-meg\fmri\fmri_brainalign_sub02_best.pt,meg_to_fmri,matched_scope,73.35,73.35,93.55,0.5,7.0,63.95,0.8718473074301296,0.6835916622127205,fmri_to_meg,matched_scope,68.46,68.46,87.74,1.0,8.0,64.26,0.9386503067484664,0.7323911556872579
meg_sub03_to_fmri_sub03_test.txt,meg,3,fmri,3,test,pair,shared-fmri-meg,True,200,checkpoints\conversion\shared-fmri-meg\meg\meg_brainalign_sub03_temporalcnn_best.pt,checkpoints\conversion\shared-fmri-meg\fmri\fmri_brainalign_sub03_best.pt,meg_to_fmri,matched_scope,71.7,71.7,92.31,1.0,5.5,64.2,0.895397489539749,0.6954826129346766,fmri_to_meg,matched_scope,68.46,68.46,87.74,2.5,7.0,64.43,0.9411335086181714,0.7343286984271713
meg_sub04_to_fmri_sub01_test.txt,meg,4,fmri,1,test,pair,shared-fmri-meg,True,200,checkpoints\conversion\shared-fmri-meg\meg\meg_brainalign_sub04_temporalcnn_best.pt,checkpoints\conversion\shared-fmri-meg\fmri\fmri_brainalign_sub01_best.pt,meg_to_fmri,matched_scope,78.41,78.41,95.76,1.0,2.0,54.08,0.6897079454151256,0.5647451963241437,fmri_to_meg,matched_scope,54.38,54.38,77.6,0.5,2.5,53.49,0.9836336888561972,0.6893041237113403
meg_sub04_to_fmri_sub02_test.txt,meg,4,fmri,2,test,pair,shared-fmri-meg,True,200,checkpoints\conversion\shared-fmri-meg\meg\meg_brainalign_sub04_temporalcnn_best.pt,checkpoints\conversion\shared-fmri-meg\fmri\fmri_brainalign_sub02_best.pt,meg_to_fmri,matched_scope,73.35,73.35,93.55,0.5,2.0,53.27,0.7262440354464895,0.5694281133083913,fmri_to_meg,matched_scope,54.38,54.38,77.6,0.5,2.5,53.28,0.9797719749908054,0.68659793814433
meg_sub04_to_fmri_sub03_test.txt,meg,4,fmri,3,test,pair,shared-fmri-meg,True,200,checkpoints\conversion\shared-fmri-meg\meg\meg_brainalign_sub04_temporalcnn_best.pt,checkpoints\conversion\shared-fmri-meg\fmri\fmri_brainalign_sub03_best.pt,meg_to_fmri,matched_scope,71.7,71.7,92.31,1.0,2.5,54.05,0.7538354253835424,0.5855270284909544,fmri_to_meg,matched_scope,54.38,54.38,77.6,0.5,3.0,54.16,0.995954394998161,0.6979381443298969
eeg_sub01_to_fmri_sub01_test.txt,eeg,1,fmri,1,test,three_way,shared-eeg-fmri-meg,True,200,checkpoints\conversion\shared-eeg-fmri-meg\eeg\eeg_brainalign_sub01_best.pt,checkpoints\conversion\shared-eeg-fmri-meg\fmri\fmri_brainalign_sub01_best.pt,eeg_to_fmri,matched_scope,74.81,74.81,95.76,1.5,5.0,63.48,0.8485496591364791,0.662907268170426,fmri_to_eeg,matched_scope,73.03,73.03,87.77,1.0,4.0,63.95,0.8756675338901821,0.7286088640765638
eeg_sub01_to_fmri_sub02_test.txt,eeg,1,fmri,2,test,three_way,shared-eeg-fmri-meg,True,200,checkpoints\conversion\shared-eeg-fmri-meg\eeg\eeg_brainalign_sub01_best.pt,checkpoints\conversion\shared-eeg-fmri-meg\fmri\fmri_brainalign_sub02_best.pt,eeg_to_fmri,matched_scope,70.34,70.34,93.55,0.5,5.0,64.56,0.9178276940574353,0.6901122394441476,fmri_to_eeg,matched_scope,73.03,73.03,87.77,1.5,7.5,63.69,0.8721073531425441,0.7256465762789108
eeg_sub01_to_fmri_sub03_test.txt,eeg,1,fmri,3,test,three_way,shared-eeg-fmri-meg,True,200,checkpoints\conversion\shared-eeg-fmri-meg\eeg\eeg_brainalign_sub01_best.pt,checkpoints\conversion\shared-eeg-fmri-meg\fmri\fmri_brainalign_sub03_best.pt,eeg_to_fmri,matched_scope,69.26,69.26,92.31,1.0,3.5,57.24,0.8264510539994224,0.6200844978875528,fmri_to_eeg,matched_scope,73.03,73.03,87.77,3.0,7.0,57.32,0.7848829248254142,0.6530705252364134
eeg_sub01_to_meg_sub01_test.txt,eeg,1,meg,1,test,three_way,shared-eeg-fmri-meg,True,200,checkpoints\conversion\shared-eeg-fmri-meg\eeg\eeg_brainalign_sub01_best.pt,checkpoints\conversion\shared-eeg-fmri-meg\meg\meg_brainalign_sub01_temporalcnn_best.pt,eeg_to_meg,matched_scope,59.68,59.68,77.84,0.5,3.5,53.02,0.8884048257372654,0.6811408016443988,meg_to_eeg,matched_scope,73.03,73.03,87.77,0.5,1.5,52.17,0.7143639600164317,0.5943944400136721
eeg_sub01_to_meg_sub02_test.txt,eeg,1,meg,2,test,three_way,shared-eeg-fmri-meg,True,200,checkpoints\conversion\shared-eeg-fmri-meg\eeg\eeg_brainalign_sub01_best.pt,checkpoints\conversion\shared-eeg-fmri-meg\meg\meg_brainalign_sub02_temporalcnn_best.pt,eeg_to_meg,matched_scope,65.83,65.83,88.63,0.5,6.5,69.92,1.0621297280874982,0.788897664447704,meg_to_eeg,matched_scope,73.03,73.03,87.77,0.5,6.0,69.77,0.9553608106257702,0.7949185370855645
eeg_sub01_to_meg_sub03_test.txt,eeg,1,meg,3,test,three_way,shared-eeg-fmri-meg,True,200,checkpoints\conversion\shared-eeg-fmri-meg\eeg\eeg_brainalign_sub01_best.pt,checkpoints\conversion\shared-eeg-fmri-meg\meg\meg_brainalign_sub03_temporalcnn_best.pt,eeg_to_meg,matched_scope,61.65,61.65,87.74,0.5,3.0,58.28,0.9453365774533659,0.664235240483246,meg_to_eeg,matched_scope,73.03,73.03,87.77,0.0,5.0,59.61,0.8162399014103793,0.6791614446849721
eeg_sub01_to_meg_sub04_test.txt,eeg,1,meg,4,test,three_way,shared-eeg-fmri-meg,True,200,checkpoints\conversion\shared-eeg-fmri-meg\eeg\eeg_brainalign_sub01_best.pt,checkpoints\conversion\shared-eeg-fmri-meg\meg\meg_brainalign_sub04_temporalcnn_best.pt,eeg_to_meg,matched_scope,52.46,52.46,77.6,1.0,3.0,49.72,0.9477697293175753,0.6407216494845361,meg_to_eeg,matched_scope,73.03,73.03,87.77,0.0,1.5,48.45,0.6634259893194577,0.5520109376780221
eeg_sub02_to_fmri_sub01_test.txt,eeg,2,fmri,1,test,three_way,shared-eeg-fmri-meg,True,200,checkpoints\conversion\shared-eeg-fmri-meg\eeg\eeg_brainalign_sub02_best.pt,checkpoints\conversion\shared-eeg-fmri-meg\fmri\fmri_brainalign_sub01_best.pt,eeg_to_fmri,matched_scope,74.81,74.81,95.76,0.0,3.0,51.92,0.6940248629862318,0.5421888053467001,fmri_to_eeg,matched_scope,47.44,47.44,90.33,0.0,2.5,52.23,1.1009696458684655,0.5782132181999335
eeg_sub02_to_fmri_sub02_test.txt,eeg,2,fmri,2,test,three_way,shared-eeg-fmri-meg,True,200,checkpoints\conversion\shared-eeg-fmri-meg\eeg\eeg_brainalign_sub02_best.pt,checkpoints\conversion\shared-eeg-fmri-meg\fmri\fmri_brainalign_sub02_best.pt,eeg_to_fmri,matched_scope,70.34,70.34,93.55,1.0,3.0,48.11,0.6839636053454649,0.5142704436130412,fmri_to_eeg,matched_scope,47.44,47.44,90.33,0.5,3.0,48.47,1.0217116357504217,0.5365880659802945
eeg_sub02_to_fmri_sub03_test.txt,eeg,2,fmri,3,test,three_way,shared-eeg-fmri-meg,True,200,checkpoints\conversion\shared-eeg-fmri-meg\eeg\eeg_brainalign_sub02_best.pt,checkpoints\conversion\shared-eeg-fmri-meg\fmri\fmri_brainalign_sub03_best.pt,eeg_to_fmri,matched_scope,69.26,69.26,92.31,0.5,1.5,50.43,0.7281259023967658,0.5463113422164446,fmri_to_eeg,matched_scope,47.44,47.44,90.33,0.5,2.0,49.74,1.0484822934232716,0.5506476253736301
eeg_sub02_to_meg_sub01_test.txt,eeg,2,meg,1,test,three_way,shared-eeg-fmri-meg,True,200,checkpoints\conversion\shared-eeg-fmri-meg\eeg\eeg_brainalign_sub02_best.pt,checkpoints\conversion\shared-eeg-fmri-meg\meg\meg_brainalign_sub01_temporalcnn_best.pt,eeg_to_meg,matched_scope,59.68,59.68,77.84,0.0,3.0,51.5,0.8629356568364611,0.6616135662898253,meg_to_eeg,matched_scope,47.44,47.44,90.33,0.5,1.5,52.58,1.1083473861720068,0.5820878999225063
eeg_sub02_to_meg_sub02_test.txt,eeg,2,meg,2,test,three_way,shared-eeg-fmri-meg,True,200,checkpoints\conversion\shared-eeg-fmri-meg\eeg\eeg_brainalign_sub02_best.pt,checkpoints\conversion\shared-eeg-fmri-meg\meg\meg_brainalign_sub02_temporalcnn_best.pt,eeg_to_meg,matched_scope,65.83,65.83,88.63,0.0,2.5,49.7,0.7549749354397691,0.5607582082816203,meg_to_eeg,matched_scope,47.44,47.44,90.33,0.0,2.0,48.87,1.0301433389544687,0.5410162736632348
eeg_sub02_to_meg_sub03_test.txt,eeg,2,meg,3,test,three_way,shared-eeg-fmri-meg,True,200,checkpoints\conversion\shared-eeg-fmri-meg\eeg\eeg_brainalign_sub02_best.pt,checkpoints\conversion\shared-eeg-fmri-meg\meg\meg_brainalign_sub03_temporalcnn_best.pt,eeg_to_meg,matched_scope,61.65,61.65,87.74,0.0,1.0,48.73,0.7904298459042984,0.5553909277410531,meg_to_eeg,matched_scope,47.44,47.44,90.33,0.5,2.0,48.17,1.0153878583473863,0.5332669102180893
eeg_sub02_to_meg_sub04_test.txt,eeg,2,meg,4,test,three_way,shared-eeg-fmri-meg,True,200,checkpoints\conversion\shared-eeg-fmri-meg\eeg\eeg_brainalign_sub02_best.pt,checkpoints\conversion\shared-eeg-fmri-meg\meg\meg_brainalign_sub04_temporalcnn_best.pt,eeg_to_meg,matched_scope,52.46,52.46,77.6,0.0,0.5,49.51,0.9437666793747617,0.6380154639175258,meg_to_eeg,matched_scope,47.44,47.44,90.33,1.0,3.0,49.35,1.0402613827993255,0.5463301228827633
eeg_sub03_to_fmri_sub01_test.txt,eeg,3,fmri,1,test,three_way,shared-eeg-fmri-meg,True,200,checkpoints\conversion\shared-eeg-fmri-meg\eeg\eeg_brainalign_sub03_best.pt,checkpoints\conversion\shared-eeg-fmri-meg\fmri\fmri_brainalign_sub01_best.pt,eeg_to_fmri,matched_scope,74.81,74.81,95.76,0.0,4.5,60.79,0.8125918994786793,0.6348162071846282,fmri_to_eeg,matched_scope,67.81,67.81,90.28,0.5,4.5,59.32,0.8747972275475593,0.6570669029685423
eeg_sub03_to_fmri_sub02_test.txt,eeg,3,fmri,2,test,three_way,shared-eeg-fmri-meg,True,200,checkpoints\conversion\shared-eeg-fmri-meg\eeg\eeg_brainalign_sub03_best.pt,checkpoints\conversion\shared-eeg-fmri-meg\fmri\fmri_brainalign_sub02_best.pt,eeg_to_fmri,matched_scope,70.34,70.34,93.55,1.0,5.0,61.48,0.8740403753198748,0.6571886691608765,fmri_to_eeg,matched_scope,67.81,67.81,90.28,1.0,4.0,61.93,0.9132871257926559,0.6859769605671245
eeg_sub03_to_fmri_sub03_test.txt,eeg,3,fmri,3,test,three_way,shared-eeg-fmri-meg,True,200,checkpoints\conversion\shared-eeg-fmri-meg\eeg\eeg_brainalign_sub03_best.pt,checkpoints\conversion\shared-eeg-fmri-meg\fmri\fmri_brainalign_sub03_best.pt,eeg_to_fmri,matched_scope,69.26,69.26,92.31,1.0,5.0,58.17,0.839878717874675,0.6301592460188495,fmri_to_eeg,matched_scope,67.81,67.81,90.28,1.5,5.5,57.54,0.8485474118861525,0.6373504652193177
eeg_sub03_to_meg_sub01_test.txt,eeg,3,meg,1,test,three_way,shared-eeg-fmri-meg,True,200,checkpoints\conversion\shared-eeg-fmri-meg\eeg\eeg_brainalign_sub03_best.pt,checkpoints\conversion\shared-eeg-fmri-meg\meg\meg_brainalign_sub01_temporalcnn_best.pt,eeg_to_meg,matched_scope,59.68,59.68,77.84,0.5,2.5,55.02,0.921916890080429,0.7068345323741008,meg_to_eeg,matched_scope,67.81,67.81,90.28,0.5,2.0,54.84,0.8087302757705354,0.6074435090828534
eeg_sub03_to_meg_sub02_test.txt,eeg,3,meg,2,test,three_way,shared-eeg-fmri-meg,True,200,checkpoints\conversion\shared-eeg-fmri-meg\eeg\eeg_brainalign_sub03_best.pt,checkpoints\conversion\shared-eeg-fmri-meg\meg\meg_brainalign_sub02_temporalcnn_best.pt,eeg_to_meg,matched_scope,65.83,65.83,88.63,1.5,7.0,67.74,1.0290141272975846,0.7643010267403814,meg_to_eeg,matched_scope,67.81,67.81,90.28,0.5,6.0,67.36,0.9933638106473971,0.7461231723526806
eeg_sub03_to_meg_sub03_test.txt,eeg,3,meg,3,test,three_way,shared-eeg-fmri-meg,True,200,checkpoints\conversion\shared-eeg-fmri-meg\eeg\eeg_brainalign_sub03_best.pt,checkpoints\conversion\shared-eeg-fmri-meg\meg\meg_brainalign_sub03_temporalcnn_best.pt,eeg_to_meg,matched_scope,61.65,61.65,87.74,1.0,4.0,58.97,0.9565287915652879,0.6720993845452473,meg_to_eeg,matched_scope,67.81,67.81,90.28,1.0,4.0,59.75,0.8811384751511576,0.6618298626495348
eeg_sub03_to_meg_sub04_test.txt,eeg,3,meg,4,test,three_way,shared-eeg-fmri-meg,True,200,checkpoints\conversion\shared-eeg-fmri-meg\eeg\eeg_brainalign_sub03_best.pt,checkpoints\conversion\shared-eeg-fmri-meg\meg\meg_brainalign_sub04_temporalcnn_best.pt,eeg_to_meg,matched_scope,52.46,52.46,77.6,0.0,2.0,51.25,0.9769348074723598,0.660438144329897,meg_to_eeg,matched_scope,67.81,67.81,90.28,1.0,2.5,50.53,0.7451703288600501,0.5597031457687195
eeg_sub04_to_fmri_sub01_test.txt,eeg,4,fmri,1,test,three_way,shared-eeg-fmri-meg,True,200,checkpoints\conversion\shared-eeg-fmri-meg\eeg\eeg_brainalign_sub04_best.pt,checkpoints\conversion\shared-eeg-fmri-meg\fmri\fmri_brainalign_sub01_best.pt,eeg_to_fmri,matched_scope,74.81,74.81,95.76,2.0,7.0,58.03,0.7756984360379628,0.6059941520467836,fmri_to_eeg,matched_scope,57.68,57.68,93.15,1.5,7.0,57.74,1.0010402219140084,0.6198604401502952
eeg_sub04_to_fmri_sub02_test.txt,eeg,4,fmri,2,test,three_way,shared-eeg-fmri-meg,True,200,checkpoints\conversion\shared-eeg-fmri-meg\eeg\eeg_brainalign_sub04_best.pt,checkpoints\conversion\shared-eeg-fmri-meg\fmri\fmri_brainalign_sub02_best.pt,eeg_to_fmri,matched_scope,70.34,70.34,93.55,2.0,4.0,54.99,0.7817742394085868,0.5878140032068413,fmri_to_eeg,matched_scope,57.68,57.68,93.15,1.5,5.5,54.55,0.9457350901525658,0.5856146001073537
eeg_sub04_to_fmri_sub03_test.txt,eeg,4,fmri,3,test,three_way,shared-eeg-fmri-meg,True,200,checkpoints\conversion\shared-eeg-fmri-meg\eeg\eeg_brainalign_sub04_best.pt,checkpoints\conversion\shared-eeg-fmri-meg\fmri\fmri_brainalign_sub03_best.pt,eeg_to_fmri,matched_scope,69.26,69.26,92.31,1.0,2.5,55.08,0.7952642217730291,0.5966850828729281,fmri_to_eeg,matched_scope,57.68,57.68,93.15,1.5,3.5,54.42,0.9434812760055479,0.5842190016103059
eeg_sub04_to_meg_sub01_test.txt,eeg,4,meg,1,test,three_way,shared-eeg-fmri-meg,True,200,checkpoints\conversion\shared-eeg-fmri-meg\eeg\eeg_brainalign_sub04_best.pt,checkpoints\conversion\shared-eeg-fmri-meg\meg\meg_brainalign_sub01_temporalcnn_best.pt,eeg_to_meg,matched_scope,59.68,59.68,77.84,0.0,2.0,51.76,0.8672922252010724,0.6649537512846865,meg_to_eeg,matched_scope,57.68,57.68,93.15,0.5,4.5,50.86,0.881761442441054,0.5460010735373054
eeg_sub04_to_meg_sub02_test.txt,eeg,4,meg,2,test,three_way,shared-eeg-fmri-meg,True,200,checkpoints\conversion\shared-eeg-fmri-meg\eeg\eeg_brainalign_sub04_best.pt,checkpoints\conversion\shared-eeg-fmri-meg\meg\meg_brainalign_sub02_temporalcnn_best.pt,eeg_to_meg,matched_scope,65.83,65.83,88.63,1.5,3.5,60.36,0.9169071851739329,0.6810335100981609,meg_to_eeg,matched_scope,57.68,57.68,93.15,1.0,3.0,59.82,1.037101248266297,0.6421900161030596
eeg_sub04_to_meg_sub03_test.txt,eeg,4,meg,3,test,three_way,shared-eeg-fmri-meg,True,200,checkpoints\conversion\shared-eeg-fmri-meg\eeg\eeg_brainalign_sub04_best.pt,checkpoints\conversion\shared-eeg-fmri-meg\meg\meg_brainalign_sub03_temporalcnn_best.pt,eeg_to_meg,matched_scope,61.65,61.65,87.74,1.0,4.0,56.91,0.9231143552311435,0.6486209254615911,meg_to_eeg,matched_scope,57.68,57.68,93.15,0.0,5.5,57.34,0.994105409153953,0.6155662909286098
eeg_sub04_to_meg_sub04_test.txt,eeg,4,meg,4,test,three_way,shared-eeg-fmri-meg,True,200,checkpoints\conversion\shared-eeg-fmri-meg\eeg\eeg_brainalign_sub04_best.pt,checkpoints\conversion\shared-eeg-fmri-meg\meg\meg_brainalign_sub04_temporalcnn_best.pt,eeg_to_meg,matched_scope,52.46,52.46,77.6,1.5,4.0,47.99,0.9147922226458254,0.6184278350515464,meg_to_eeg,matched_scope,57.68,57.68,93.15,0.5,2.0,49.5,0.8581830790568654,0.5314009661835748
eeg_sub05_to_fmri_sub01_test.txt,eeg,5,fmri,1,test,three_way,shared-eeg-fmri-meg,True,200,checkpoints\conversion\shared-eeg-fmri-meg\eeg\eeg_brainalign_sub05_best.pt,checkpoints\conversion\shared-eeg-fmri-meg\fmri\fmri_brainalign_sub01_best.pt,eeg_to_fmri,matched_scope,74.81,74.81,95.76,1.5,4.5,61.7,0.8247560486565967,0.6443191311612364,fmri_to_eeg,matched_scope,63.48,63.48,86.82,0.5,4.0,61.9,0.9751102709514808,0.7129693618981802
eeg_sub05_to_fmri_sub02_test.txt,eeg,5,fmri,2,test,three_way,shared-eeg-fmri-meg,True,200,checkpoints\conversion\shared-eeg-fmri-meg\eeg\eeg_brainalign_sub05_best.pt,checkpoints\conversion\shared-eeg-fmri-meg\fmri\fmri_brainalign_sub02_best.pt,eeg_to_fmri,matched_scope,70.34,70.34,93.55,1.0,5.0,63.0,0.8956497014500995,0.6734366648850882,fmri_to_eeg,matched_scope,63.48,63.48,86.82,2.0,7.5,62.6,0.9861373660995589,0.7210320202718269
eeg_sub05_to_fmri_sub03_test.txt,eeg,5,fmri,3,test,three_way,shared-eeg-fmri-meg,True,200,checkpoints\conversion\shared-eeg-fmri-meg\eeg\eeg_brainalign_sub05_best.pt,checkpoints\conversion\shared-eeg-fmri-meg\fmri\fmri_brainalign_sub03_best.pt,eeg_to_fmri,matched_scope,69.26,69.26,92.31,2.0,5.5,58.62,0.846375974588507,0.6350341241468963,fmri_to_eeg,matched_scope,63.48,63.48,86.82,2.0,8.0,58.83,0.9267485822306238,0.6776088458880443
eeg_sub05_to_meg_sub01_test.txt,eeg,5,meg,1,test,three_way,shared-eeg-fmri-meg,True,200,checkpoints\conversion\shared-eeg-fmri-meg\eeg\eeg_brainalign_sub05_best.pt,checkpoints\conversion\shared-eeg-fmri-meg\meg\meg_brainalign_sub01_temporalcnn_best.pt,eeg_to_meg,matched_scope,59.68,59.68,77.84,0.5,3.0,53.75,0.9006367292225201,0.69051901336074,meg_to_eeg,matched_scope,63.48,63.48,86.82,0.0,2.0,52.67,0.8297101449275363,0.606657452199954
eeg_sub05_to_meg_sub02_test.txt,eeg,5,meg,2,test,three_way,shared-eeg-fmri-meg,True,200,checkpoints\conversion\shared-eeg-fmri-meg\eeg\eeg_brainalign_sub05_best.pt,checkpoints\conversion\shared-eeg-fmri-meg\meg\meg_brainalign_sub02_temporalcnn_best.pt,eeg_to_meg,matched_scope,65.83,65.83,88.63,1.0,4.5,64.31,0.9769102233024457,0.725600812366016,meg_to_eeg,matched_scope,63.48,63.48,86.82,1.5,7.0,63.82,1.0053560176433523,0.7350840820087539
eeg_sub05_to_meg_sub03_test.txt,eeg,5,meg,3,test,three_way,shared-eeg-fmri-meg,True,200,checkpoints\conversion\shared-eeg-fmri-meg\eeg\eeg_brainalign_sub05_best.pt,checkpoints\conversion\shared-eeg-fmri-meg\meg\meg_brainalign_sub03_temporalcnn_best.pt,eeg_to_meg,matched_scope,61.65,61.65,87.74,1.5,4.5,59.29,0.9617193836171939,0.6757465238203785,meg_to_eeg,matched_scope,63.48,63.48,86.82,1.0,4.5,59.92,0.9439193446754884,0.6901635567841512
eeg_sub05_to_meg_sub04_test.txt,eeg,5,meg,4,test,three_way,shared-eeg-fmri-meg,True,200,checkpoints\conversion\shared-eeg-fmri-meg\eeg\eeg_brainalign_sub05_best.pt,checkpoints\conversion\shared-eeg-fmri-meg\meg\meg_brainalign_sub04_temporalcnn_best.pt,eeg_to_meg,matched_scope,52.46,52.46,77.6,2.0,4.5,48.94,0.9329012581014106,0.6306701030927835,meg_to_eeg,matched_scope,63.48,63.48,86.82,1.0,4.0,48.59,0.7654379332073095,0.5596636719649851
eeg_sub06_to_fmri_sub01_test.txt,eeg,6,fmri,1,test,three_way,shared-eeg-fmri-meg,True,200,checkpoints\conversion\shared-eeg-fmri-meg\eeg\eeg_brainalign_sub06_best.pt,checkpoints\conversion\shared-eeg-fmri-meg\fmri\fmri_brainalign_sub01_best.pt,eeg_to_fmri,matched_scope,74.81,74.81,95.76,0.5,4.0,59.63,0.7970859510760594,0.622702589807853,fmri_to_eeg,matched_scope,63.08,63.08,90.84,0.0,4.0,59.62,0.945149017121116,0.6563188022897402
eeg_sub06_to_fmri_sub02_test.txt,eeg,6,fmri,2,test,three_way,shared-eeg-fmri-meg,True,200,checkpoints\conversion\shared-eeg-fmri-meg\eeg\eeg_brainalign_sub06_best.pt,checkpoints\conversion\shared-eeg-fmri-meg\fmri\fmri_brainalign_sub02_best.pt,eeg_to_fmri,matched_scope,70.34,70.34,93.55,1.0,7.0,61.96,0.8808643730452089,0.6623196151790487,fmri_to_eeg,matched_scope,63.08,63.08,90.84,1.0,8.5,62.03,0.9833544705136336,0.6828489652135623
eeg_sub06_to_fmri_sub03_test.txt,eeg,6,fmri,3,test,three_way,shared-eeg-fmri-meg,True,200,checkpoints\conversion\shared-eeg-fmri-meg\eeg\eeg_brainalign_sub06_best.pt,checkpoints\conversion\shared-eeg-fmri-meg\fmri\fmri_brainalign_sub03_best.pt,eeg_to_fmri,matched_scope,69.26,69.26,92.31,1.5,5.5,56.45,0.8150447588795842,0.611526378507204,fmri_to_eeg,matched_scope,63.08,63.08,90.84,1.0,4.0,56.16,0.8902980342422321,0.618229854689564
eeg_sub06_to_meg_sub01_test.txt,eeg,6,meg,1,test,three_way,shared-eeg-fmri-meg,True,200,checkpoints\conversion\shared-eeg-fmri-meg\eeg\eeg_brainalign_sub06_best.pt,checkpoints\conversion\shared-eeg-fmri-meg\meg\meg_brainalign_sub01_temporalcnn_best.pt,eeg_to_meg,matched_scope,59.68,59.68,77.84,0.0,1.0,51.87,0.8691353887399463,0.6663669064748201,meg_to_eeg,matched_scope,63.08,63.08,90.84,0.5,1.5,52.15,0.8267279644895371,0.57408630559225
eeg_sub06_to_meg_sub02_test.txt,eeg,6,meg,2,test,three_way,shared-eeg-fmri-meg,True,200,checkpoints\conversion\shared-eeg-fmri-meg\eeg\eeg_brainalign_sub06_best.pt,checkpoints\conversion\shared-eeg-fmri-meg\meg\meg_brainalign_sub02_temporalcnn_best.pt,eeg_to_meg,matched_scope,65.83,65.83,88.63,1.0,8.0,66.1,1.0041014734923286,0.7457971341532212,meg_to_eeg,matched_scope,63.08,63.08,90.84,2.0,7.5,65.8,1.0431198478123018,0.7243505063848524
eeg_sub06_to_meg_sub03_test.txt,eeg,6,meg,3,test,three_way,shared-eeg-fmri-meg,True,200,checkpoints\conversion\shared-eeg-fmri-meg\eeg\eeg_brainalign_sub06_best.pt,checkpoints\conversion\shared-eeg-fmri-meg\meg\meg_brainalign_sub03_temporalcnn_best.pt,eeg_to_meg,matched_scope,61.65,61.65,87.74,0.0,1.5,57.48,0.9323600973236009,0.6551173922954183,meg_to_eeg,matched_scope,63.08,63.08,90.84,0.5,3.5,58.64,0.9296131896005073,0.6455306032584764
eeg_sub06_to_meg_sub04_test.txt,eeg,6,meg,4,test,three_way,shared-eeg-fmri-meg,True,200,checkpoints\conversion\shared-eeg-fmri-meg\eeg\eeg_brainalign_sub06_best.pt,checkpoints\conversion\shared-eeg-fmri-meg\meg\meg_brainalign_sub04_temporalcnn_best.pt,eeg_to_meg,matched_scope,52.46,52.46,77.6,0.5,3.0,47.7,0.9092642012962258,0.6146907216494846,meg_to_eeg,matched_scope,63.08,63.08,90.84,0.0,1.0,48.05,0.7617311350665821,0.5289520035226772
eeg_sub07_to_fmri_sub01_test.txt,eeg,7,fmri,1,test,three_way,shared-eeg-fmri-meg,True,200,checkpoints\conversion\shared-eeg-fmri-meg\eeg\eeg_brainalign_sub07_best.pt,checkpoints\conversion\shared-eeg-fmri-meg\fmri\fmri_brainalign_sub01_best.pt,eeg_to_fmri,matched_scope,74.81,74.81,95.76,1.5,5.0,65.41,0.874348349151183,0.6830618212197159,fmri_to_eeg,matched_scope,78.82,78.82,90.89,0.5,6.5,67.11,0.8514336462826695,0.738365056661899
eeg_sub07_to_fmri_sub02_test.txt,eeg,7,fmri,2,test,three_way,shared-eeg-fmri-meg,True,200,checkpoints\conversion\shared-eeg-fmri-meg\eeg\eeg_brainalign_sub07_best.pt,checkpoints\conversion\shared-eeg-fmri-meg\fmri\fmri_brainalign_sub02_best.pt,eeg_to_fmri,matched_scope,70.34,70.34,93.55,3.0,10.0,67.97,0.9663065112311628,0.7265633351149118,fmri_to_eeg,matched_scope,78.82,78.82,90.89,2.5,8.0,67.65,0.8582846993148948,0.7443063043239081
eeg_sub07_to_fmri_sub03_test.txt,eeg,7,fmri,3,test,three_way,shared-eeg-fmri-meg,True,200,checkpoints\conversion\shared-eeg-fmri-meg\eeg\eeg_brainalign_sub07_best.pt,checkpoints\conversion\shared-eeg-fmri-meg\fmri\fmri_brainalign_sub03_best.pt,eeg_to_fmri,matched_scope,69.26,69.26,92.31,1.5,6.5,62.27,0.8990759457118106,0.6745748022966093,fmri_to_eeg,matched_scope,78.82,78.82,90.89,1.0,9.0,62.56,0.7937071809185486,0.6883045439542305
eeg_sub07_to_meg_sub01_test.txt,eeg,7,meg,1,test,three_way,shared-eeg-fmri-meg,True,200,checkpoints\conversion\shared-eeg-fmri-meg\eeg\eeg_brainalign_sub07_best.pt,checkpoints\conversion\shared-eeg-fmri-meg\meg\meg_brainalign_sub01_temporalcnn_best.pt,eeg_to_meg,matched_scope,59.68,59.68,77.84,0.5,5.0,58.31,0.9770442359249331,0.7491007194244604,meg_to_eeg,matched_scope,78.82,78.82,90.89,1.0,4.5,56.37,0.7151738137528546,0.6202002420508307
eeg_sub07_to_meg_sub02_test.txt,eeg,7,meg,2,test,three_way,shared-eeg-fmri-meg,True,200,checkpoints\conversion\shared-eeg-fmri-meg\eeg\eeg_brainalign_sub07_best.pt,checkpoints\conversion\shared-eeg-fmri-meg\meg\meg_brainalign_sub02_temporalcnn_best.pt,eeg_to_meg,matched_scope,65.83,65.83,88.63,3.5,7.0,66.74,1.0138234847334042,0.7530181654067472,meg_to_eeg,matched_scope,78.82,78.82,90.89,5.0,8.5,66.5,0.8436944937833039,0.7316536472659259
eeg_sub07_to_meg_sub03_test.txt,eeg,7,meg,3,test,three_way,shared-eeg-fmri-meg,True,200,checkpoints\conversion\shared-eeg-fmri-meg\eeg\eeg_brainalign_sub07_best.pt,checkpoints\conversion\shared-eeg-fmri-meg\meg\meg_brainalign_sub03_temporalcnn_best.pt,eeg_to_meg,matched_scope,61.65,61.65,87.74,1.0,7.0,64.02,1.0384428223844282,0.7296558012309095,meg_to_eeg,matched_scope,78.82,78.82,90.89,1.5,6.0,65.05,0.8252981476782543,0.715700297062383
eeg_sub07_to_meg_sub04_test.txt,eeg,7,meg,4,test,three_way,shared-eeg-fmri-meg,True,200,checkpoints\conversion\shared-eeg-fmri-meg\eeg\eeg_brainalign_sub07_best.pt,checkpoints\conversion\shared-eeg-fmri-meg\meg\meg_brainalign_sub04_temporalcnn_best.pt,eeg_to_meg,matched_scope,52.46,52.46,77.6,0.5,2.0,51.43,0.9803659931376286,0.662757731958763,meg_to_eeg,matched_scope,78.82,78.82,90.89,0.5,2.0,51.86,0.6579548337985284,0.5705798217625702
eeg_sub08_to_fmri_sub01_test.txt,eeg,8,fmri,1,test,three_way,shared-eeg-fmri-meg,True,200,checkpoints\conversion\shared-eeg-fmri-meg\eeg\eeg_brainalign_sub08_best.pt,checkpoints\conversion\shared-eeg-fmri-meg\fmri\fmri_brainalign_sub01_best.pt,eeg_to_fmri,matched_scope,74.81,74.81,95.76,1.0,9.0,64.53,0.8625852158802298,0.6738721804511278,fmri_to_eeg,matched_scope,79.81,79.81,92.29,2.0,7.0,65.05,0.8150607693271519,0.704843428323762
eeg_sub08_to_fmri_sub02_test.txt,eeg,8,fmri,2,test,three_way,shared-eeg-fmri-meg,True,200,checkpoints\conversion\shared-eeg-fmri-meg\eeg\eeg_brainalign_sub08_best.pt,checkpoints\conversion\shared-eeg-fmri-meg\fmri\fmri_brainalign_sub02_best.pt,eeg_to_fmri,matched_scope,70.34,70.34,93.55,3.0,10.5,66.06,0.9391526869491044,0.7061464457509353,fmri_to_eeg,matched_scope,79.81,79.81,92.29,3.0,9.0,66.01,0.8270893371757926,0.7152454220392241
eeg_sub08_to_fmri_sub03_test.txt,eeg,8,fmri,3,test,three_way,shared-eeg-fmri-meg,True,200,checkpoints\conversion\shared-eeg-fmri-meg\eeg\eeg_brainalign_sub08_best.pt,checkpoints\conversion\shared-eeg-fmri-meg\fmri\fmri_brainalign_sub03_best.pt,eeg_to_fmri,matched_scope,69.26,69.26,92.31,0.5,5.0,61.65,0.8901241697949753,0.6678583035424114,fmri_to_eeg,matched_scope,79.81,79.81,92.29,0.0,6.5,62.88,0.7878711940859542,0.6813305883627695
eeg_sub08_to_meg_sub01_test.txt,eeg,8,meg,1,test,three_way,shared-eeg-fmri-meg,True,200,checkpoints\conversion\shared-eeg-fmri-meg\eeg\eeg_brainalign_sub08_best.pt,checkpoints\conversion\shared-eeg-fmri-meg\meg\meg_brainalign_sub01_temporalcnn_best.pt,eeg_to_meg,matched_scope,59.68,59.68,77.84,0.5,4.0,57.37,0.9612935656836461,0.7370246659815004,meg_to_eeg,matched_scope,79.81,79.81,92.29,1.5,4.5,56.04,0.7021676481643904,0.6072163831401018
eeg_sub08_to_meg_sub02_test.txt,eeg,8,meg,2,test,three_way,shared-eeg-fmri-meg,True,200,checkpoints\conversion\shared-eeg-fmri-meg\eeg\eeg_brainalign_sub08_best.pt,checkpoints\conversion\shared-eeg-fmri-meg\meg\meg_brainalign_sub02_temporalcnn_best.pt,eeg_to_meg,matched_scope,65.83,65.83,88.63,1.5,7.0,68.89,1.0464833662463922,0.7772763172740608,meg_to_eeg,matched_scope,79.81,79.81,92.29,0.0,6.0,67.77,0.8491417115649668,0.7343157438509047
eeg_sub08_to_meg_sub03_test.txt,eeg,8,meg,3,test,three_way,shared-eeg-fmri-meg,True,200,checkpoints\conversion\shared-eeg-fmri-meg\eeg\eeg_brainalign_sub08_best.pt,checkpoints\conversion\shared-eeg-fmri-meg\meg\meg_brainalign_sub03_temporalcnn_best.pt,eeg_to_meg,matched_scope,61.65,61.65,87.74,0.5,4.0,59.58,0.9664233576642336,0.6790517437884659,meg_to_eeg,matched_scope,79.81,79.81,92.29,1.0,5.0,60.36,0.7562962034832728,0.6540253548596814
eeg_sub08_to_meg_sub04_test.txt,eeg,8,meg,4,test,three_way,shared-eeg-fmri-meg,True,200,checkpoints\conversion\shared-eeg-fmri-meg\eeg\eeg_brainalign_sub08_best.pt,checkpoints\conversion\shared-eeg-fmri-meg\meg\meg_brainalign_sub04_temporalcnn_best.pt,eeg_to_meg,matched_scope,52.46,52.46,77.6,0.5,3.0,52.61,1.002859321387724,0.6779639175257732,meg_to_eeg,matched_scope,79.81,79.81,92.29,1.0,3.5,51.85,0.6496679614083448,0.5618160147361577
eeg_sub09_to_fmri_sub01_test.txt,eeg,9,fmri,1,test,three_way,shared-eeg-fmri-meg,True,200,checkpoints\conversion\shared-eeg-fmri-meg\eeg\eeg_brainalign_sub09_best.pt,checkpoints\conversion\shared-eeg-fmri-meg\fmri\fmri_brainalign_sub01_best.pt,eeg_to_fmri,matched_scope,74.81,74.81,95.76,1.5,6.0,61.17,0.8176714343002273,0.6387844611528822,fmri_to_eeg,matched_scope,68.86,68.86,89.34,0.5,7.0,61.87,0.8984896892245134,0.6925229460488023
eeg_sub09_to_fmri_sub02_test.txt,eeg,9,fmri,2,test,three_way,shared-eeg-fmri-meg,True,200,checkpoints\conversion\shared-eeg-fmri-meg\eeg\eeg_brainalign_sub09_best.pt,checkpoints\conversion\shared-eeg-fmri-meg\fmri\fmri_brainalign_sub02_best.pt,eeg_to_fmri,matched_scope,70.34,70.34,93.55,2.5,7.0,64.32,0.9144156951947682,0.6875467664350614,fmri_to_eeg,matched_scope,68.86,68.86,89.34,0.5,8.0,63.79,0.9263723496950333,0.7140138795612267
eeg_sub09_to_fmri_sub03_test.txt,eeg,9,fmri,3,test,three_way,shared-eeg-fmri-meg,True,200,checkpoints\conversion\shared-eeg-fmri-meg\eeg\eeg_brainalign_sub09_best.pt,checkpoints\conversion\shared-eeg-fmri-meg\fmri\fmri_brainalign_sub03_best.pt,eeg_to_fmri,matched_scope,69.26,69.26,92.31,0.5,6.0,62.97,0.9091827894888824,0.6821579460513487,fmri_to_eeg,matched_scope,68.86,68.86,89.34,0.5,3.0,62.49,0.9074934650014522,0.6994627266621893
eeg_sub09_to_meg_sub01_test.txt,eeg,9,meg,1,test,three_way,shared-eeg-fmri-meg,True,200,checkpoints\conversion\shared-eeg-fmri-meg\eeg\eeg_brainalign_sub09_best.pt,checkpoints\conversion\shared-eeg-fmri-meg\meg\meg_brainalign_sub01_temporalcnn_best.pt,eeg_to_meg,matched_scope,59.68,59.68,77.84,1.0,4.5,56.65,0.9492292225201072,0.7277749229188077,meg_to_eeg,matched_scope,68.86,68.86,89.34,0.5,1.5,56.3,0.8176009294220157,0.6301768524736959
eeg_sub09_to_meg_sub02_test.txt,eeg,9,meg,2,test,three_way,shared-eeg-fmri-meg,True,200,checkpoints\conversion\shared-eeg-fmri-meg\eeg\eeg_brainalign_sub09_best.pt,checkpoints\conversion\shared-eeg-fmri-meg\meg\meg_brainalign_sub02_temporalcnn_best.pt,eeg_to_meg,matched_scope,65.83,65.83,88.63,0.0,5.5,65.17,0.9899741759076409,0.7353040731129415,meg_to_eeg,matched_scope,68.86,68.86,89.34,0.5,5.5,64.35,0.9345047923322682,0.7202820685023504
eeg_sub09_to_meg_sub03_test.txt,eeg,9,meg,3,test,three_way,shared-eeg-fmri-meg,True,200,checkpoints\conversion\shared-eeg-fmri-meg\eeg\eeg_brainalign_sub09_best.pt,checkpoints\conversion\shared-eeg-fmri-meg\meg\meg_brainalign_sub03_temporalcnn_best.pt,eeg_to_meg,matched_scope,61.65,61.65,87.74,0.5,5.0,59.79,0.9698296836982968,0.6814451789377707,meg_to_eeg,matched_scope,68.86,68.86,89.34,0.5,5.5,60.72,0.8817891373801917,0.679650772330423
eeg_sub09_to_meg_sub04_test.txt,eeg,9,meg,4,test,three_way,shared-eeg-fmri-meg,True,200,checkpoints\conversion\shared-eeg-fmri-meg\eeg\eeg_brainalign_sub09_best.pt,checkpoints\conversion\shared-eeg-fmri-meg\meg\meg_brainalign_sub04_temporalcnn_best.pt,eeg_to_meg,matched_scope,52.46,52.46,77.6,1.0,3.0,49.48,0.9431948150972168,0.6376288659793814,meg_to_eeg,matched_scope,68.86,68.86,89.34,0.5,2.0,50.72,0.7365669474295672,0.5677188269532124
eeg_sub10_to_fmri_sub01_test.txt,eeg,10,fmri,1,test,three_way,shared-eeg-fmri-meg,True,200,checkpoints\conversion\shared-eeg-fmri-meg\eeg\eeg_brainalign_sub10_best.pt,checkpoints\conversion\shared-eeg-fmri-meg\fmri\fmri_brainalign_sub01_best.pt,eeg_to_fmri,matched_scope,74.81,74.81,95.76,4.0,12.0,69.0,0.922336586017912,0.7205513784461153,fmri_to_eeg,matched_scope,84.43,84.43,93.98,4.0,14.0,69.11,0.8185479095108373,0.7353692274952117
eeg_sub10_to_fmri_sub02_test.txt,eeg,10,fmri,2,test,three_way,shared-eeg-fmri-meg,True,200,checkpoints\conversion\shared-eeg-fmri-meg\eeg\eeg_brainalign_sub10_best.pt,checkpoints\conversion\shared-eeg-fmri-meg\fmri\fmri_brainalign_sub02_best.pt,eeg_to_fmri,matched_scope,70.34,70.34,93.55,2.5,9.0,71.21,1.012368495877168,0.7611972207375735,fmri_to_eeg,matched_scope,84.43,84.43,93.98,2.5,9.5,71.22,0.8435390264124125,0.7578208129389231
eeg_sub10_to_fmri_sub03_test.txt,eeg,10,fmri,3,test,three_way,shared-eeg-fmri-meg,True,200,checkpoints\conversion\shared-eeg-fmri-meg\eeg\eeg_brainalign_sub10_best.pt,checkpoints\conversion\shared-eeg-fmri-meg\fmri\fmri_brainalign_sub03_best.pt,eeg_to_fmri,matched_scope,69.26,69.26,92.31,2.5,9.5,67.29,0.9715564539416691,0.7289567760805981,fmri_to_eeg,matched_scope,84.43,84.43,93.98,2.0,11.0,67.23,0.7962809427928461,0.715364971270483
eeg_sub10_to_meg_sub01_test.txt,eeg,10,meg,1,test,three_way,shared-eeg-fmri-meg,True,200,checkpoints\conversion\shared-eeg-fmri-meg\eeg\eeg_brainalign_sub10_best.pt,checkpoints\conversion\shared-eeg-fmri-meg\meg\meg_brainalign_sub01_temporalcnn_best.pt,eeg_to_meg,matched_scope,59.68,59.68,77.84,1.0,4.5,61.24,1.0261394101876675,0.7867420349434738,meg_to_eeg,matched_scope,84.43,84.43,93.98,2.0,6.5,60.08,0.7115954044770816,0.6392849542455841
eeg_sub10_to_meg_sub02_test.txt,eeg,10,meg,2,test,three_way,shared-eeg-fmri-meg,True,200,checkpoints\conversion\shared-eeg-fmri-meg\eeg\eeg_brainalign_sub10_best.pt,checkpoints\conversion\shared-eeg-fmri-meg\meg\meg_brainalign_sub02_temporalcnn_best.pt,eeg_to_meg,matched_scope,65.83,65.83,88.63,2.0,9.0,70.7,1.073978429287559,0.7976982962879386,meg_to_eeg,matched_scope,84.43,84.43,93.98,1.0,6.5,70.96,0.8404595522918392,0.7550542668652904
eeg_sub10_to_meg_sub03_test.txt,eeg,10,meg,3,test,three_way,shared-eeg-fmri-meg,True,200,checkpoints\conversion\shared-eeg-fmri-meg\eeg\eeg_brainalign_sub10_best.pt,checkpoints\conversion\shared-eeg-fmri-meg\meg\meg_brainalign_sub03_temporalcnn_best.pt,eeg_to_meg,matched_scope,61.65,61.65,87.74,2.0,6.0,65.22,1.0579075425790754,0.743332573512651,meg_to_eeg,matched_scope,84.43,84.43,93.98,1.0,7.0,65.45,0.7751983891981523,0.6964247712279208
eeg_sub10_to_meg_sub04_test.txt,eeg,10,meg,4,test,three_way,shared-eeg-fmri-meg,True,200,checkpoints\conversion\shared-eeg-fmri-meg\eeg\eeg_brainalign_sub10_best.pt,checkpoints\conversion\shared-eeg-fmri-meg\meg\meg_brainalign_sub04_temporalcnn_best.pt,eeg_to_meg,matched_scope,52.46,52.46,77.6,0.5,3.0,52.35,0.9979031643156691,0.6746134020618557,meg_to_eeg,matched_scope,84.43,84.43,93.98,0.5,1.0,52.66,0.623711950728414,0.5603319855288359
meg_sub01_to_fmri_sub01_test.txt,meg,1,fmri,1,test,three_way,shared-eeg-fmri-meg,True,200,checkpoints\conversion\shared-eeg-fmri-meg\meg\meg_brainalign_sub01_temporalcnn_best.pt,checkpoints\conversion\shared-eeg-fmri-meg\fmri\fmri_brainalign_sub01_best.pt,meg_to_fmri,matched_scope,74.81,74.81,95.76,1.0,5.0,52.78,0.7055206523192087,0.5511695906432749,fmri_to_meg,matched_scope,59.68,59.68,77.84,1.0,4.5,52.8,0.8847184986595173,0.6783144912641315
meg_sub01_to_fmri_sub02_test.txt,meg,1,fmri,2,test,three_way,shared-eeg-fmri-meg,True,200,checkpoints\conversion\shared-eeg-fmri-meg\meg\meg_brainalign_sub01_temporalcnn_best.pt,checkpoints\conversion\shared-eeg-fmri-meg\fmri\fmri_brainalign_sub02_best.pt,meg_to_fmri,matched_scope,70.34,70.34,93.55,0.0,2.0,59.92,0.8518623827125391,0.6405130946018173,fmri_to_meg,matched_scope,59.68,59.68,77.84,0.5,6.5,59.55,0.9978217158176943,0.7650308324768755
meg_sub01_to_fmri_sub03_test.txt,meg,1,fmri,3,test,three_way,shared-eeg-fmri-meg,True,200,checkpoints\conversion\shared-eeg-fmri-meg\meg\meg_brainalign_sub01_temporalcnn_best.pt,checkpoints\conversion\shared-eeg-fmri-meg\fmri\fmri_brainalign_sub03_best.pt,meg_to_fmri,matched_scope,69.26,69.26,92.31,1.5,6.0,54.33,0.7844354605833092,0.5885602859928502,fmri_to_meg,matched_scope,59.68,59.68,77.84,1.5,5.5,54.12,0.9068364611260054,0.6952723535457348
meg_sub02_to_fmri_sub01_test.txt,meg,2,fmri,1,test,three_way,shared-eeg-fmri-meg,True,200,checkpoints\conversion\shared-eeg-fmri-meg\meg\meg_brainalign_sub02_temporalcnn_best.pt,checkpoints\conversion\shared-eeg-fmri-meg\fmri\fmri_brainalign_sub01_best.pt,meg_to_fmri,matched_scope,74.81,74.81,95.76,0.5,4.0,58.45,0.7813126587354632,0.6103801169590644,fmri_to_meg,matched_scope,65.83,65.83,88.63,0.5,3.5,58.85,0.8939693149020204,0.6639963894843733
meg_sub02_to_fmri_sub02_test.txt,meg,2,fmri,2,test,three_way,shared-eeg-fmri-meg,True,200,checkpoints\conversion\shared-eeg-fmri-meg\meg\meg_brainalign_sub02_temporalcnn_best.pt,checkpoints\conversion\shared-eeg-fmri-meg\fmri\fmri_brainalign_sub02_best.pt,meg_to_fmri,matched_scope,70.34,70.34,93.55,0.5,3.5,58.5,0.8316747227750924,0.6253340459647247,fmri_to_meg,matched_scope,65.83,65.83,88.63,1.0,2.5,58.48,0.8883487771532735,0.6598217307909285
meg_sub02_to_fmri_sub03_test.txt,meg,2,fmri,3,test,three_way,shared-eeg-fmri-meg,True,200,checkpoints\conversion\shared-eeg-fmri-meg\meg\meg_brainalign_sub02_temporalcnn_best.pt,checkpoints\conversion\shared-eeg-fmri-meg\fmri\fmri_brainalign_sub03_best.pt,meg_to_fmri,matched_scope,69.26,69.26,92.31,0.5,4.0,59.97,0.8658677447300028,0.6496587585310367,fmri_to_meg,matched_scope,65.83,65.83,88.63,0.0,4.0,59.53,0.9042989518456631,0.6716687351912446
meg_sub03_to_fmri_sub01_test.txt,meg,3,fmri,1,test,three_way,shared-eeg-fmri-meg,True,200,checkpoints\conversion\shared-eeg-fmri-meg\meg\meg_brainalign_sub03_temporalcnn_best.pt,checkpoints\conversion\shared-eeg-fmri-meg\fmri\fmri_brainalign_sub01_best.pt,meg_to_fmri,matched_scope,74.81,74.81,95.76,2.0,5.5,59.22,0.7916054003475471,0.6184210526315789,fmri_to_meg,matched_scope,61.65,61.65,87.74,2.0,6.0,59.77,0.9695052716950527,0.6812172327330751
meg_sub03_to_fmri_sub02_test.txt,meg,3,fmri,2,test,three_way,shared-eeg-fmri-meg,True,200,checkpoints\conversion\shared-eeg-fmri-meg\meg\meg_brainalign_sub03_temporalcnn_best.pt,checkpoints\conversion\shared-eeg-fmri-meg\fmri\fmri_brainalign_sub02_best.pt,meg_to_fmri,matched_scope,70.34,70.34,93.55,0.5,4.0,57.33,0.8150412283195905,0.6128273650454302,fmri_to_meg,matched_scope,61.65,61.65,87.74,0.5,3.5,57.36,0.9304136253041363,0.6537497150672441
meg_sub03_to_fmri_sub03_test.txt,meg,3,fmri,3,test,three_way,shared-eeg-fmri-meg,True,200,checkpoints\conversion\shared-eeg-fmri-meg\meg\meg_brainalign_sub03_temporalcnn_best.pt,checkpoints\conversion\shared-eeg-fmri-meg\fmri\fmri_brainalign_sub03_best.pt,meg_to_fmri,matched_scope,69.26,69.26,92.31,1.5,3.5,55.05,0.7948310713254403,0.596360090997725,fmri_to_meg,matched_scope,61.65,61.65,87.74,0.0,4.5,55.14,0.894403892944039,0.6284476863460223
meg_sub04_to_fmri_sub01_test.txt,meg,4,fmri,1,test,three_way,shared-eeg-fmri-meg,True,200,checkpoints\conversion\shared-eeg-fmri-meg\meg\meg_brainalign_sub04_temporalcnn_best.pt,checkpoints\conversion\shared-eeg-fmri-meg\fmri\fmri_brainalign_sub01_best.pt,meg_to_fmri,matched_scope,74.81,74.81,95.76,1.0,4.5,51.9,0.6937575190482556,0.5419799498746867,fmri_to_meg,matched_scope,52.46,52.46,77.6,0.5,2.5,52.9,1.0083873427373236,0.6817010309278351
meg_sub04_to_fmri_sub02_test.txt,meg,4,fmri,2,test,three_way,shared-eeg-fmri-meg,True,200,checkpoints\conversion\shared-eeg-fmri-meg\meg\meg_brainalign_sub04_temporalcnn_best.pt,checkpoints\conversion\shared-eeg-fmri-meg\fmri\fmri_brainalign_sub02_best.pt,meg_to_fmri,matched_scope,70.34,70.34,93.55,0.5,2.0,49.61,0.7052885982371339,0.530304649919829,fmri_to_meg,matched_scope,52.46,52.46,77.6,1.0,2.5,50.25,0.9578726648875333,0.6475515463917526
meg_sub04_to_fmri_sub03_test.txt,meg,4,fmri,3,test,three_way,shared-eeg-fmri-meg,True,200,checkpoints\conversion\shared-eeg-fmri-meg\meg\meg_brainalign_sub04_temporalcnn_best.pt,checkpoints\conversion\shared-eeg-fmri-meg\fmri\fmri_brainalign_sub03_best.pt,meg_to_fmri,matched_scope,69.26,69.26,92.31,1.0,2.5,50.21,0.7249494657811146,0.543928068464955,fmri_to_meg,matched_scope,52.46,52.46,77.6,0.0,1.5,51.4,0.9797941288600839,0.6623711340206185
